,injury_count,injured_days,injuries_sustained
A.J. Green,3,16,"['placed on il with lumbar injury', 'placed on il with strained left quadriceps', 'placed on il with shoulder injury']"
A.J. Johnson,2,241,"['placed on il with achilles tendinitis', 'illness (dtd)']"
Aaron Gordon,11,209,"['placed on il with strained right calf', 'placed on il with strained right calf', 'placed on il with strained right calf', 'placed on il with right calf injury', 'placed on il with right calf injury', 'placed on il with right calf injury', 'placed on il with sprained left ankle', 'placed on il with calf injury', 'placed on il with various injuries', 'placed on il with calf injury', 'calf injury (dtd)']"
Aaron Nesmith,2,76,"['sprained left ankle (dtd)', 'placed on il with ankle injury']"
Aaron Wiggins,2,9,"['illness (dtd)', 'placed on il with achilles injury']"
Adam Flagler,2,255,"['placed on il with bruised right hand', 'fractured right hand (out indefinitely)']"
Adama Sanogo,3,211,"['placed on il with knee injury', 'placed on il with right knee injury', 'placed on il with knee injury']"
Adem Bona,2,23,"['placed on il with knee injury', 'placed on il with ankle injury']"
Ajay Mitchell,1,96,['placed on il with sprained right big toe']
Al Horford,14,27,"['illness (dtd)', 'illness (dtd)', 'placed on il with sprained big toe', 'placed on il with sprained left big toe', 'sprained left big toe (dtd)', 'sprained left big toe (dtd)', 'sprained left big toe (dtd)', 'toe injury (dtd)', 'placed on il with sprained left big toe', 'toe injury (dtd)', 'placed on il with toe injury', 'placed on il with toe injury', 'placed on il with knee injury', 'placed on il with knee injury']"
Alec Burks,2,16,"['back injury (dtd)', 'back injury (dtd)']"
Alex Caruso,9,57,"['placed on il with sore right hip', 'placed on il with right hip injury', 'placed on il with left hip injury', 'placed on il with sprained ankle', 'placed on il with hip injury', 'placed on il with sprained left ankle', 'illness (dtd)', 'ankle injury (dtd)', 'sprained right ankle (dtd)']"
Alex Ducas,1,121,['sprained lower back (dtd)']
Alex Reese,1,1,['placed on il with achilles injury']
Alex Sarr,5,30,"['placed on il with sore lower back', 'placed on il with sore lower back', 'illness (dtd)', 'placed on il with sprained left ankle', 'placed on il with ankle injury']"
Alperen Sengun,2,44,"['bruised left calf (dtd)', 'sore lower back (dtd)']"
Amen Thompson,3,21,"['tightness in left calf (dtd)', 'shoulder injury (dtd)', 'ankle injury (dtd)']"
Amir Coffey,2,20,"['placed on il with knee injury', 'placed on il with sore left knee']"
Andre Drummond,9,203,"['placed on il with illness', 'placed on il with sprained right ankle', 'placed on il with left big toe injury', 'placed on il with sprained left toe', 'sprained left toe (dtd)', 'toe injury (dtd)', 'toe injury (dtd)', 'illness (dtd)', 'toe injury (out indefinitely)']"
Andrew Nembhard,4,29,"['sore left knee (dtd)', 'sore left knee (dtd)', 'back injury (dtd)', 'laceration on left thumb (dtd)']"
Andrew Wiggins,8,48,"['back injury (dtd)', 'placed on il with right ankle impingement', 'placed on il for personal reasons', 'illness (dtd)', 'ankle injury (dtd)', 'leg injury (dtd)', 'right hamstring injury (dtd)', 'hamstring injury (dtd)']"
Anfernee Simons,4,153,"['placed on il with illness', 'placed on il with strained right elbow', 'illness (dtd)', 'forearm injury (dtd)']"
Anthony Black,1,7,['back spasms (dtd)']
Anthony Davis,6,202,"['heel injury (dtd)', 'sprained left ankle (dtd)', 'placed on il with strained abdominal', 'placed on il with strained left adductor', 'placed on il with abdominal injury', 'placed on il with groin injury (out for season)']"
Anthony Edwards,2,4,"['placed on il with illness', 'placed on il with sore right hip']"
Anthony Gill,3,149,"['placed on il with ankle injury', 'left hip injury (dtd)', 'hamstring injury (dtd)']"
Ariel Hukporti,3,61,"['placed on il with sprained left ankle', 'placed on il with illness', 'placed on il with torn meniscus in left knee']"
Ausar Thompson,4,32,"['blood clots (out indefinitely)', 'placed on il with groin injury', 'placed on il with illness', 'placed on il with knee injury']"
Austin Reaves,4,22,"['placed on il with bruised pelvis', 'placed on il with calf injury', 'placed on il with ankle injury', 'placed on il with ankle injury']"
Ayo Dosunmu,4,199,"['right achilles injury / strained right calf (out indefinitely)', 'strained soleus muscle in right calf (dtd)', 'placed on il with shoulder injury', 'left shoulder subluxation']"
Ben Sheppard,2,44,"['placed on il with strained left oblique', 'placed on il with toe injury']"
Ben Simmons,13,42,"['placed on il with lower back injury', 'placed on il with lower back injury', 'placed on il with lower back injury', 'placed on il with tightness in left calf', 'placed on il with bruised left knee / lower back injury', 'placed on il with sore left calf / various injuries', 'placed on il with lower back injury', 'illness (dtd)', 'placed on il with back injury', 'left knee injury (dtd)', 'knee injury (dtd)', 'placed on il with knee injury', 'placed on il with knee injury']"
Bennedict Mathurin,4,20,"['illness (dtd)', 'sprained left wrist (dtd)', 'placed on il with sore left calf', 'placed on il with calf injury']"
Bilal Coulibaly,4,172,"['placed on il with head injury', 'placed on il with sore right groin', 'placed on il with illness', 'bruised right hip (dtd)']"
Bobby Portis,2,13,"['placed on il with bruised right elbow', 'placed on il for personal reasons']"
Bogdan Bogdanovic,6,56,"['placed on il with right hamstring injury', 'placed on il with right hamstring injury', 'bruised quadriceps (dtd)', 'bruised left lower leg (dtd)', 'bruised left lower leg (dtd)', 'placed on il for personal reasons']"
Bol Bol,1,10,['placed on il with bruised left knee']
Bradley Beal,10,71,"['placed on il with sore right elbow', 'placed on il with sprained right elbow', 'placed on il with bruised left calf', 'placed on il with left calf injury', 'placed on il with right knee injury', 'placed on il with sprained left ankle', 'placed on il with sprained left ankle', 'placed on il with toe injury', 'placed on il with calf injury', 'calf injury (dtd)']"
Brandin Podziemski,3,37,"['placed on il with illness', 'placed on il with abdominal injury', 'placed on il with back injury']"
Brandon Boston Jr. / B.J. Boston Jr.,2,187,"['placed on il with ankle injury', 'ankle injury (out indefinitely)']"
Brandon Clarke,6,163,"['placed on il with sore left toe', 'sore right knee (dtd)', 'placed on il with sore back', 'placed on il with mouth injury', 'placed on il with knee injury', 'placed on il with sprained right knee (out for season)']"
Brandon Ingram,3,266,"['placed on il with bilateral sprained ankles', 'placed on il with sore right calf', 'sprained left ankle (out indefinitely)']"
Brandon Miller,4,238,"['placed on il with strained left gluteal muscle', 'placed on il with sprained left ankle', 'sprained left ankle (dtd)', 'torn ligament in right wrist (out indefinitely)']"
Brandon Williams (b. 1975-02-27),4,149,"['placed on il with sprained right thumb', 'placed on il with hamstring injury', 'placed on il with hamstring injury', 'oblique injury (dtd)']"
Brice Sensabaugh,2,7,"['placed on il with illness', 'placed on il with sprained right ankle']"
Bronny James,5,26,"['placed on il with bruised left heel', 'placed on il with illness', 'placed on il with strained left forearm', 'placed on il with illness', 'placed on il with illness']"
Brook Lopez,1,1,['placed on il with back injury']
Bruce Brown,4,233,"['surgery on right knee (out indefinitely)', 'placed on il with right knee injury', 'right knee injury (dtd)', 'knee injury (dtd)']"
Bruno Fernando,2,9,"['sprained right ankle (dtd)', 'placed on il with left big toe injury']"
C.J. McCollum,4,174,"['right adductor injury (dtd)', 'personal reasons (dtd)', 'sprained right ankle (dtd)', 'bruised foot (out for season)']"
Cade Cunningham,5,27,"['placed on il with hip injury', 'left hip injury (dtd)', 'ankle injury (dtd)', 'calf injury (dtd)', 'knee injury (dtd)']"
Caleb Houstan,1,1,['placed on il with illness']
Caleb Martin,5,81,"['placed on il with sore back', 'placed on il with right shoulder impingement', 'sore right groin (dtd)', 'hip injury (dtd)', 'hip injury (dtd)']"
Cam Reddish,5,26,"['personal reasons (dtd)', 'peroneal injury in right foot (dtd)', 'illness (dtd)', 'back injury (dtd)', 'placed on il for personal reasons']"
Cam Spencer,2,252,"['placed on il with sprained right ankle', 'left thumb injury (out indefinitely)']"
Cam Whitmore,2,3,"['placed on il with sore left knee', 'illness (dtd)']"
Cameron Johnson,7,175,"['sprained left ankle (dtd)', 'hip injury (dtd)', 'placed on il with sprained right ankle', 'sprained right ankle (dtd)', 'sprained right ankle (out indefinitely)', 'placed on il with knee injury', 'back injury (dtd)']"
Cameron Payne,3,21,"['strained left hamstring (dtd)', 'left elbow injury (dtd)', 'placed on il with ankle injury']"
Cameron Thomas / Cam Thomas,7,253,"['tightness in lower back (dtd)', 'placed on il with strained left hamstring', 'left hamstring injury (dtd)', 'placed on il with strained left hamstring', 'left hamstring injury (dtd)', 'placed on il with hamstring injury', 'strained left hamstring (out for season)']"
Caris LeVert,6,163,"['placed on il with sore right knee', 'placed on il with left knee inflammation', 'placed on il with wrist injury', 'placed on il with sprained left middle finger', 'knee injury (dtd)', 'placed on il with knee injury (out for season)']"
Cason Wallace,5,30,"['placed on il with bruised left quadriceps', 'placed on il with strained right shoulder', 'bruised knee (dtd)', 'placed on il with shoulder injury', 'strained right shoulder (dtd)']"
Charles Bassey,2,51,"['placed on il with sprained mcl in left knee', 'placed on il with bruised left knee']"
Chet Holmgren,5,106,"['placed on il with fractured right hip', 'placed on il with ankle injury', 'bruised right lower leg (dtd)', 'placed on il with hip injury', 'placed on il with back injury']"
Chris Boucher,4,37,"['placed on il with illness', 'placed on il with dental surgery', 'placed on il with illness', 'illness (dtd)']"
Chris Duarte,1,6,['placed on il for personal reasons']
Chris Livingston,2,13,"['placed on il with sprained left ankle', 'placed on il with illness']"
Christian Braun,3,144,"['placed on il with strained lower back', 'placed on il with foot injury', 'foot injury (dtd)']"
Christian Koloko,1,8,['blood clots (out indefinitely)']
Clint Capela,3,172,"['placed on il with sore right knee', 'back spasms (dtd)', 'personal reasons (dtd)']"
Coby White,2,13,"['placed on il with sprained left ankle', 'sore ankle (dtd)']"
Cody Martin,2,57,"['placed on il with sore left knee', 'core muscle injury (dtd)']"
Cody Williams,2,159,"['placed on il with sprained left ankle', 'illness (dtd)']"
Colby Jones,2,4,"['placed on il with achilles injury', 'placed on il with bruised right lower leg']"
Cole Anthony,4,22,"['illness (dtd)', 'toe injury (dtd)', 'toe injury (dtd)', 'placed on il with toe injury']"
Collin Gillespie,1,57,['placed on il with sprained right ankle']
Collin Sexton,5,31,"['placed on il with sprained left ankle', 'placed on il with ankle injury', 'ankle injury (dtd)', 'placed on il with ankle injury', 'pelvic injury (dtd)']"
Corey Kispert,2,171,"['placed on il with sprained left ankle', 'placed on il with left thumb injury (out for season)']"
Cory Joseph,1,1,['knee injury (dtd)']
Craig Porter Jr.,4,22,"['placed on il with sprained right thumb', 'illness (dtd)', 'placed on il with illness', 'placed on il with illness']"
D'Angelo Russell,11,169,"['placed on il with illness', 'sprained left thumb (dtd)', 'bruised right shin (dtd)', 'bruised right shin (dtd)', 'left hamstring injury (dtd)', 'placed on il with ankle injury', 'ankle injury (dtd)', 'placed on il with ankle injury', 'ankle injury (dtd)', 'placed on il with ankle injury', 'ankle injury (dtd)']"
D.J. Carton,1,11,['placed on il with ankle injury']
DaQuan Jeffries,4,67,"['fractured hand (out indefinitely)', 'placed on il with thigh injury', 'placed on il with illness', 'placed on il with knee injury']"
Daishen Nix,1,7,['placed on il with sprained right ankle']
Dalano Banton,3,177,"['bruised left hip (dtd)', 'bruised left hip (dtd)', 'personal reasons (dtd)']"
Dalen Terry,4,17,"['placed on il with bruised right knee', 'placed on il with knee injury', 'placed on il with calf injury', 'placed on il with right calf injury']"
Damian Lillard,6,167,"['placed on il with concussion protocol', 'placed on il with strained right calf', 'placed on il with sore left groin', 'placed on il with hamstring injury', 'placed on il with calf injury', 'torn left achillles tendon (out for season)']"
Damion Baugh,1,6,['placed on il with hip injury']
Daniel Gafford,5,56,"['placed on il with illness', 'placed on il with sprained left ankle', 'ankle injury (dtd)', 'placed on il with sprained mcl in right knee', 'knee injury (dtd)']"
Daniel Theis,3,208,"['neck spasms (dtd)', 'placed on il for personal reasons', 'thumb injury (dtd)']"
Dante Exum,4,148,"['surgery on right wrist (out indefinitely)', 'achilles injury (dtd)', 'bruised right foot (dtd)', 'placed on il with fractured left hand (out for season)']"
Dario Saric,1,15,['placed on il with sprained left ankle']
Dariq Whitehead,2,8,"['placed on il with concussion protocol', 'placed on il with right knee injury']"
Darius Garland,5,29,"['sore left groin (dtd)', 'placed on il with bruised left hip', 'placed on il with toe injury', 'placed on il with toe injury', 'toe injury (dtd)']"
Davion Mitchell,5,9,"['placed on il with strained right shoulder', 'placed on il with illness', 'placed on il with foot injury', 'quadriceps injury (dtd)', 'illness (dtd)']"
Day'Ron Sharpe,3,204,"['strained left hamstring (dtd)', 'illness (dtd)', 'sprained right knee (dtd)']"
De'Andre Hunter,5,23,"['placed on il with right knee inflammation', 'right knee injury (dtd)', 'sore left foot (dtd)', 'placed on il with illness', 'placed on il with illness']"
De'Anthony Melton,2,289,"['placed on il with strained lower back', 'placed on il with sprained acl in left knee']"
DeMar DeRozan,2,11,"['placed on il with back injury', 'placed on il with lower back injury']"
Dean Wade,5,54,"['placed on il with illness', 'placed on il with sprained left ankle', 'placed on il with sore right knee', 'placed on il with bruised right knee', 'placed on il with illness']"
Deandre Ayton,6,218,"['placed on il with right index finger injury', 'illness (dtd)', 'sore left calf (dtd)', 'placed on il with sore lower back', 'placed on il with sore left knee', 'placed on il with strained left calf (out for season)']"
Dejounte Murray,2,294,"['placed on il with surgery on hand', 'torn right achilles tendon (out for season)']"
Delon Wright,1,2,['illness (dtd)']
Deni Avdija,4,145,"['sprained right ankle (dtd)', 'quadriceps injury (dtd)', 'quadriceps injury (dtd)', 'thumb injury (dtd)']"
Dennis Schr√∂der,3,5,"['sore right ankle (dtd)', 'placed on il for personal reasons', 'ankle injury (dtd)']"
Dereck Lively II,5,220,"['sprained right shoulder (dtd)', 'placed on il with hyperextended right knee', 'placed on il with bruised left hip', 'placed on il with sprained right ankle', 'ankle injury (out for season)']"
Derrick Jones Jr.,2,14,"['placed on il with right hamstring injury', 'placed on il with groin injury']"
Derrick White,6,11,"['placed on il with sprained right foot', 'illness (dtd)', 'placed on il with bruised right shin', 'knee injury (dtd)', 'left ankle injury (dtd)', 'placed on il with sprained neck']"
Desmond Bane,6,30,"['placed on il with strained right oblique', 'placed on il with sore left toe', 'placed on il with sprained left ankle', 'placed on il with sprained left foot', 'placed on il with hip injury', 'placed on il with groin injury']"
Devin Booker,3,146,"['placed on il with sore left groin', 'placed on il with back injury', 'placed on il with calf injury (out for season)']"
Devin Carter,3,9,"['placed on il with sore right wrist', 'placed on il with illness', 'placed on il with bruised right shoulder']"
Devin Vassell,6,184,"['surgery on foot (out indefinitely)', 'placed on il with right foot injury', 'placed on il with sore left knee', 'placed on il with right foot injury', 'back injury (dtd)', 'ankle injury (dtd)']"
Dillon Brooks,2,7,"['placed on il with sore right ankle', 'knee injury (dtd)']"
Domantas Sabonis,4,27,"['placed on il with tightness in lower back', 'placed on il with illness', 'placed on il with hamstring injury', 'placed on il with sprained right ankle']"
Dominick Barlow,1,6,['bruised lower back (dtd)']
Donovan Clingan,3,30,"['sprained left knee (dtd)', 'sprained left ankle (dtd)', 'illness (dtd)']"
Donovan Mitchell,4,21,"['placed on il with shoulder injury', 'placed on il with groin injury', 'placed on il with groin injury', 'placed on il with sprained left ankle']"
Donte DiVincenzo,1,42,['placed on il with sprained left big toe']
Dorian Finney-Smith,9,39,"['placed on il with sprained left ankle', 'placed on il with sprained left ankle', 'placed on il with sprained left ankle', 'bruised left calf (dtd)', 'placed on il for personal reasons', 'placed on il with shoulder injury', 'placed on il with ankle injury', 'ankle injury (dtd)', 'placed on il with ankle injury']"
Doug McDermott,2,150,"['placed on il with illness', 'elbow injury (dtd)']"
Draymond Green,6,28,"['placed on il with tightness in left calf', 'sore left ankle (dtd)', 'placed on il with back injury', 'back injury (dtd)', 'illness (dtd)', 'placed on il with strained left calf']"
Drew Eubanks,3,8,"['placed on il with illness', 'placed on il with ankle injury', 'hip injury (dtd)']"
Drew Peterson,1,18,['placed on il with concussion protocol']
Dru Smith,2,239,"['placed on il with knee injury', 'torn achilles tendon (out for season)']"
Duncan Robinson,4,16,"['personal reasons (dtd)', 'right foot injury (dtd)', 'illness (dtd)', 'back injury (dtd)']"
Duop Reath,1,122,['sore back (dtd)']
Dwight Powell,1,36,['placed on il with right hip injury']
Dyson Daniels,3,213,"['placed on il with strained right hip flexor', 'placed on il with illness', 'sore left ankle (dtd)']"
E.J. Liddell,1,3,['placed on il with illness']
Edrice Adebayo / Bam Adebayo,3,10,"['bruised lower back (dtd)', 'bruised left knee (dtd)', 'back injury (dtd)']"
Emoni Bates,1,105,['surgery on right knee (out indefinitely)']
Enrique Freeman,1,3,['illness (dtd)']
Eric Gordon,3,202,"['placed on il with oral surgery', 'knee injury (dtd)', 'placed on il with sprained right wrist (out for season)']"
Evan Mobley,5,20,"['illness (dtd)', 'placed on il with sprained left ankle', 'placed on il with strained right calf', 'placed on il with foot injury', 'placed on il with back injury']"
Franz Wagner,2,51,"['placed on il with torn right oblique muscle', 'placed on il with knee injury']"
Fred VanVleet,7,43,"['placed on il with sore left hamstring', 'placed on il with bruised right knee', 'placed on il for personal reasons', 'right ankle injury (out indefinitely)', 'placed on il with ankle injury', 'ankle injury (dtd)', 'placed on il with ankle injury']"
Gabe Vincent,3,19,"['strained left oblique (dtd)', 'placed on il with sore left knee', 'placed on il with knee injury']"
Garrett Temple,3,142,"['back spasms (dtd)', 'placed on il for personal reasons', 'knee injury (dtd)']"
Gary Harris,3,59,"['placed on il with hamstring injury', 'placed on il with strained left hamstring', 'placed on il with hamstring injury']"
Gary Payton II,8,46,"['bruised left calf (dtd)', 'placed on il with strained left calf', 'foot injury (dtd)', 'nasal injury (dtd)', 'knee injury (dtd)', 'placed on il with left thumb injury', 'placed on il with knee injury', 'abdominal infection (dtd)']"
Gary Trent Jr.,4,19,"['placed on il with back injury', 'placed on il with strained left hip flexor', 'placed on il with hyperextended right knee', 'placed on il with knee injury']"
Georges Niang,1,2,['placed on il with illness']
Giannis Antetokounmpo,8,37,"['placed on il with strained right adductor', 'knee injury (dtd)', 'placed on il with back spasms', 'placed on il with knee injury', 'placed on il with strained left calf', 'placed on il with foot injury', 'placed on il with shoulder injury', 'placed on il with shoulder injury']"
Goga Bitadze,2,19,"['placed on il with sore left foot', 'placed on il with concussion protocol']"
Gradey Dick,4,182,"['strained left calf (dtd)', 'placed on il with hamstring injury', 'placed on il with illness', 'placed on il with right knee injury (out for season)']"
Grayson Allen,7,49,"['achilles injury (out indefinitely)', 'sore right hamstring (dtd)', 'placed on il with concussion protocol', 'placed on il with knee injury', 'placed on il with knee injury', 'placed on il with foot injury', 'placed on il with sore left foot']"
Gregory Jackson II / G.G. Jackson,3,90,"['placed on il with surgery on foot', 'placed on il with eye injury', 'personal reasons (dtd)']"
Guerschon Yabusele,8,149,"['right knee injury (dtd)', 'placed on il with knee injury', 'placed on il with eye injury', 'sore right knee (dtd)', 'knee injury (dtd)', 'knee injury (dtd)', 'knee injury (dtd)', 'placed on il for personal reasons']"
Gui Santos,1,2,['knee injury (dtd)']
Herbert Jones / Herb Jones (Keyshawn),2,258,"['placed on il with strained right shoulder', 'placed on il with torn labrum in right shoulder']"
Hunter Tyson,1,7,['placed on il with ankle injury']
Immanuel Quickley,4,84,"['placed on il with pelvic injury', 'torn ucl in left elbow (out indefinitely)', 'placed on il with sore left hip', 'placed on il with hip injury']"
Isaac Okoro,3,70,"['placed on il with ankle injury', 'bruised left knee (dtd)', 'placed on il with sprained right shoulder']"
Isaiah Collier,2,148,"['placed on il with strained right hamstring', 'hamstring injury (dtd)']"
Isaiah Crawford,1,4,['sprained left ankle (dtd)']
Isaiah Hartenstein,5,55,"['fractured left hand (out indefinitely)', 'placed on il with strained soleus muscle in left calf', 'placed on il with nasal fracture', 'placed on il with back injury', 'placed on il with achilles injury']"
Isaiah Jackson,2,292,"['placed on il with strained right groin', 'torn right achilles tendon (out for season)']"
Isaiah Joe,5,17,"['placed on il with bruised left calf', 'placed on il with illness', 'placed on il with sore knee', 'placed on il with back injury', 'knee injury (dtd)']"
Isaiah Stevens,1,11,['foot injury (dtd)']
Isaiah Stewart,4,139,"['placed on il with hyperextended left knee', 'back injury (dtd)', 'placed on il with right knee inflammation', 'knee injury (dtd)']"
Isaiah Wong,1,1,['placed on il with foot injury']
Ivica Zubac,1,3,['placed on il with corneal abrasion']
Ja Morant,14,180,"['placed on il with right thigh injury', 'placed on il with sore right hip', 'placed on il with sore back', 'placed on il with sore lower back', 'placed on il with sprained right shoulder', 'placed on il with sore right foot', 'placed on il with illness', 'placed on il with right shoulder injury', 'placed on il with knee injury', 'placed on il with shoulder injury', 'placed on il with shoulder injury', 'illness (dtd)', 'placed on il with shoulder injury', 'hip injury (dtd)']"
Ja'Kobe Walter,5,171,"['shoulder injury (out indefinitely)', 'placed on il with shoulder injury', 'placed on il with illness', 'placed on il with hip injury / quadriceps injury', 'hip injury (dtd)']"
Jabari Smith Jr.,3,57,"['fractured left hand (out indefinitely)', 'placed on il with groin injury', 'placed on il with groin injury']"
Jabari Walker,1,9,['placed on il with concussion protocol']
Jacob Toppin,1,21,['left elbow inflammation (dtd)']
Jaden Hardy,4,45,"['placed on il with sprained right ankle', 'placed on il with sprained right ankle', 'sprained right ankle (out indefinitely)', 'ankle injury (dtd)']"
Jaden Ivey,3,236,"['placed on il with sprained right toe', 'left knee injury (dtd)', 'fractured fibula in left leg (out for season)']"
Jaden Springer,3,18,"['placed on il with left knee injury', 'back injury (dtd)', 'back injury (dtd)']"
Jae Crowder,2,5,"['placed on il with sore lower back', 'placed on il with sore lower back']"
Jae'Sean Tate,3,136,"['illness (dtd)', 'back spasms (dtd)', 'ankle injury (dtd)']"
Jaime Jaquez Jr.,5,19,"['gastroenteritis (dtd)', 'sprained right ankle (dtd)', 'illness (dtd)', 'illness (dtd)', 'ankle injury (dtd)']"
Jake LaRavia,5,159,"['sprained right ankle (dtd)', 'placed on il with back injury', 'placed on il with knee injury', 'placed on il with illness', 'thumb injury (out indefinitely)']"
Jakob Poeltl,4,166,"['placed on il with illness', 'placed on il with groin injury', 'placed on il with hip pointer', 'hand injury (dtd)']"
Jalen Brunson,3,35,"['tightness in right calf (dtd)', 'placed on il with sprained right ankle', 'placed on il with ankle injury']"
Jalen Duren,3,9,"['placed on il with ankle injury', 'placed on il with sprained right wrist', 'placed on il with leg injury']"
Jalen Hood-Schifino,3,134,"['illness (dtd)', 'left groin injury (dtd)', 'strained left hamstring (dtd)']"
Jalen Johnson,5,228,"['lower leg injury (dtd)', 'sore right shoulder (dtd)', 'sore right shoulder (dtd)', 'sore right shoulder (dtd)', 'placed on il with torn labrum in left shoulder (out for season)']"
Jalen Smith,6,17,"['sore left knee (dtd)', 'placed on il with illness', 'placed on il with sprained left ankle', 'placed on il with sore left ankle', 'placed on il with illness', 'placed on il with concussion']"
Jalen Suggs,4,228,"['placed on il with sore left hamstring', 'sprained right ankle (dtd)', 'placed on il with strained lower back', 'quadriceps injury (dtd)']"
Jalen Williams,5,34,"['placed on il with right hip injury', 'wrist injury (dtd)', 'wrist injury (dtd)', 'placed on il with hip injury', 'placed on il with hip injury']"
Jalen Wilson,2,4,"['tightness in right calf (dtd)', 'placed on il with ankle injury']"
Jamal Cain,3,13,"['placed on il with sprained right ankle', 'placed on il with illness', 'placed on il with illness']"
Jamal Murray,6,34,"['placed on il with concussion protocol', 'placed on il with right hamstring injury', 'placed on il with sprained right ankle', 'placed on il with knee injury', 'placed on il with ankle injury', 'placed on il with hamstring injury']"
Jamal Shead,2,9,"['bruised right knee (dtd)', 'placed on il with illness']"
James Harden,3,5,"['placed on il with sore right groin', 'placed on il with sore right groin', 'placed on il with sore right groin']"
Jamison Battle,1,81,['sprained left ankle (dtd)']
Jarace Walker,2,85,"['placed on il with sore lower back', 'ankle injury (out for season)']"
Jared Rhoden,2,132,"['placed on il with hand injury', 'shoulder injury (out for season)']"
Jaren Jackson Jr.,3,16,"['placed on il with hamstring injury', 'placed on il with sprained left ankle', 'placed on il with back injury']"
Jarred Vanderbilt,2,97,"['placed on il with right foot injury', 'groin injury (dtd)']"
Javonte Green,1,7,['sore left ankle (dtd)']
Jaxson Hayes,3,52,"['placed on il with ankle injury', 'placed on il with bruised ankle', 'placed on il with knee injury']"
Jay Huff,1,8,['placed on il with sprained left ankle']
Jaylen Brown,10,44,"['placed on il with strained left hip flexor', 'placed on il with illness', 'strained right shoulder (dtd)', 'right knee injury (dtd)', 'placed on il with bruised left thigh', 'placed on il with right knee injury', 'knee injury (dtd)', 'placed on il with back / knee injury', 'knee injury (dtd)', 'knee injury (dtd)']"
Jaylin Williams (Michael),4,197,"['placed on il with strained right hamstring', 'hip injury (dtd)', 'ankle injury (dtd)', 'ankle injury (dtd)']"
Jaylon Tyson,3,18,"['placed on il with left hip injury', 'placed on il with illness', 'placed on il with knee injury']"
Jayson Tatum,11,118,"['placed on il with right knee injury', 'right knee injury (dtd)', 'illness (dtd)', 'placed on il with shoulder injury', 'knee injury (dtd)', 'knee injury (dtd)', 'ankle injury (dtd)', 'ankle injury (dtd)', 'placed on il with sprained left ankle', 'wrist injury (dtd)', 'torn right achilles tendon (out for season)']"
Jerami Grant,6,203,"['knee injury (dtd)', 'placed on il with facial injury', 'placed on il with right ankle injury', 'sore right knee (dtd)', 'knee injury (dtd)', 'knee injury (dtd)']"
Jeremiah Robinson-Earl,1,22,['illness (dtd)']
Jeremy Sochan,5,188,"['surgery on left thumb to repair fracture (out indefinitely)', 'placed on il with lower back injury', 'placed on il with tightness in back', 'placed on il with bruised left calf', 'lower back spasms (dtd)']"
Jericho Sims,2,35,"['placed on il with lower back spasms', 'placed on il with surgery on right thumb']"
Jett Howard,1,11,['placed on il with sprained left ankle']
Jevon Carter,2,6,"['placed on il with illness', 'placed on il with shoulder injury']"
Jimmy Butler,5,25,"['sprained right ankle (dtd)', 'sore right knee (dtd)', 'stomach illness (dtd)', 'back injury (dtd)', 'bruised pelvis (dtd)']"
Jock Landale,4,126,"['personal reasons (dtd)', 'illness (dtd)', 'knee injury (dtd)', 'knee injury (out for season)']"
Joe Ingles,1,30,['placed on il with strained left calf']
Joel Embiid,5,264,"['knee injury (dtd)', 'placed on il with sinus fracture', 'sprained left foot (dtd)', 'placed on il with knee injury', 'left knee injury (out for season)']"
John Collins (Martin),7,197,"['placed on il with bruised left knee', 'placed on il with bruised right hip', 'placed on il for personal reasons', 'placed on il with illness', 'placed on il with back injury', 'placed on il with back injury', 'sprained left ankle (out indefinitely)']"
John Konchar,5,16,"['placed on il with sore right foot', 'bruised right quadriceps (dtd)', 'placed on il with illness', 'sore left shoulder (dtd)', 'placed on il with illness']"
Johnny Davis (Christian),1,3,['placed on il with illness']
Johnny Furphy,3,8,"['placed on il with illness', 'sprained left ankle (dtd)', 'placed on il with illness']"
Johnny Juzang,2,28,"['placed on il with sprained right thumb', 'placed on il with fractured right hand']"
Jonathan Isaac,5,24,"['placed on il with hip injury', 'sore right hamstring (dtd)', 'tightness in lower back (dtd)', 'illness (dtd)', 'illness (dtd)']"
Jonathan Kuminga,4,72,"['illness (dtd)', 'placed on il with sprained right ankle', 'placed on il with pelvic injury', 'illness (dtd)']"
Jonathan Mogbo,1,10,['placed on il with nasal fracture']
Jordan Clarkson,10,220,"['placed on il with plantar fasciitis in left foot', 'placed on il with plantar fasciitis in left foot', 'placed on il with foot injury', 'placed on il with plantar fasciitis in left foot', 'placed on il with plantar fasciitis left in foot', 'placed on il with foot injury', 'placed on il with foot injury', 'placed on il with foot injury', 'placed on il with plantar fasciitis in left foot', 'left foot injury (dtd)']"
Jordan Goodwin,1,5,['placed on il with ankle injury']
Jordan Hawkins,5,184,"['placed on il with tightness in lower back', 'tightness in lower back (dtd)', 'sore lower back (dtd)', 'illness (dtd)', 'back injury (dtd)']"
Jordan McLaughlin,2,5,"['placed on il for personal reasons', 'achilles injury (dtd)']"
Jordan Miller,2,26,"['illness (dtd)', 'placed on il with hamstring / hip injury']"
Jordan Poole,6,154,"['placed on il with sore left hip', 'placed on il with bruised left hip', 'placed on il with bruised left hip', 'placed on il with hyperextended right elbow', 'placed on il with elbow injury', 'bruised right elbow (dtd)']"
Jordan Walsh,1,4,['illness (dtd)']
Jose Alvarado,4,56,"['placed on il with strained hamstring', 'illness (dtd)', 'calf injury (dtd)', 'calf injury (dtd)']"
Josh Giddey,6,151,"['placed on il with sprained right ankle', 'placed on il with quadriceps injury', 'placed on il with sprained right ankle', 'placed on il with ankle injury', 'placed on il with forearm injury', 'forearm injury (out for season)']"
Josh Green,7,152,"['placed on il with sore achilles', 'placed on il with sore achilles', 'placed on il with foot injury', 'placed on il with calf injury', 'placed on il with illness', 'placed on il with shoulder injury', 'shoulder injury (dtd)']"
Josh Hart,4,10,"['placed on il for personal reasons', 'placed on il with knee injury', 'placed on il with knee injury', 'placed on il with knee injury']"
Josh Minott,1,2,['placed on il with illness']
Josh Okogie,3,63,"['hamstring injury (dtd)', 'placed on il with strained left hamstring', 'placed on il with hamstring injury']"
Josh Richardson,5,251,"['left heel injury (dtd)', 'strained left calf (dtd)', 'illness (dtd)', 'placed on il with heel injury', 'right heel injury (dtd)']"
Jrue Holiday,11,50,"['left knee injury (dtd)', 'placed on il with left knee injury', 'placed on il with right shoulder impingement', 'right shoulder impingement (dtd)', 'right shoulder impingement (dtd)', 'placed on il with finger injury', 'placed on il with shoulder injury', 'placed on il with shoulder injury', 'placed on il with shoulder injury', 'shoulder injury (dtd)', 'hamstring injury (dtd)']"
Julian Phillips,2,6,"['placed on il with illness', 'placed on il with bruised right quadriceps']"
Julius Randle,1,30,['placed on il with strained right groin']
Justin Champagnie,1,1,['placed on il with rib injury']
Justin Edwards,4,143,"['placed on il with sprained left ankle', 'ankle injury (dtd)', 'ankle injury (dtd)', 'rib injury (dtd)']"
Jusuf Nurkic,6,32,"['placed on il with sore left ankle', 'placed on il with sprained left ankle', 'placed on il with bruised right quadriceps', 'placed on il with illness', 'placed on il with illness', 'placed on il with sore neck']"
Kai Jones,1,14,['placed on il with strained left quadriceps']
Karl-Anthony Towns,8,21,"['knee injury (dtd)', 'right knee injury (dtd)', 'patellar injury in right knee (dtd)', 'placed on il with thumb injury', 'knee injury (dtd)', 'placed on il for personal reasons', 'sore left knee (dtd)', 'placed on il with knee injury']"
Karlo Matkovic,2,161,"['placed on il with sore lower back', 'sore left hamstring (dtd)']"
Kawhi Leonard,6,95,"['knee injury (dtd)', 'placed on il for personal reasons', 'placed on il with right knee injury', 'placed on il with right knee injury', 'placed on il with foot injury', 'placed on il with knee injury']"
Keaton Wallace,1,13,['placed on il with sprained right shoulder']
Keegan Murray,3,12,"['placed on il with sore left ankle', 'placed on il with sore left ankle', 'placed on il with back injury']"
Kel'el Ware,3,26,"['stomach illness (dtd)', 'placed on il with right foot injury', 'placed on il with sprained right knee']"
Keldon Johnson,4,14,"['placed on il with tightness in right hamstring', 'placed on il with strained left calf', 'back injury (dtd)', 'placed on il with ankle injury']"
Kelly Olynyk,4,187,"['placed on il with back injury', 'calf injury (dtd)', 'placed on il for personal reasons', 'achilles injury (dtd)']"
Kelly Oubre Jr.,4,166,"['sprained left hand (dtd)', 'illness (dtd)', 'ankle injury (dtd)', 'knee injury (dtd)']"
Kenrich Williams,1,55,['placed on il with surgery on right knee']
Kentavious Caldwell-Pope,3,7,"['placed on il for personal reasons', 'sore right knee (dtd)', 'knee injury (dtd)']"
Kenyon Martin Jr. / K.J. Martin,3,203,"['placed on il with left foot injury', 'elbow injury (dtd)', 'illness (dtd)']"
Keshad Johnson,1,2,['left shoulder inflammation (dtd)']
Kevin Durant,3,225,"['placed on il with strained left calf', 'ankle injury (out indefinitely)', 'ankle injury (dtd)']"
Kevin Huerter,6,49,"['shoulder injury (out indefinitely)', 'placed on il with sprained right ankle', 'placed on il with sprained left shoulder', 'knee injury (dtd)', 'placed on il with sprained right thumb', 'placed on il with cervical strain']"
Kevin Love,7,177,"['personal reasons (dtd)', 'placed on il with back spasms', 'back spasms (dtd)', 'placed on il for personal reasons', 'personal reasons (dtd)', 'personal reasons (dtd)', 'personal reasons (dtd)']"
Kevin McCullar Jr.,1,155,['placed on il with knee injury']
Kevin Porter Jr.,3,16,"['placed on il with sprained left ankle', 'placed on il with illness', 'placed on il with wrist injury']"
Kevon Looney,1,2,['placed on il with illness']
Keyonte George,5,31,"['placed on il with sore left foot', 'placed on il with sprained left ankle', 'heel injury (dtd)', 'illness (dtd)', 'placed on il with foot injury']"
Khris Middleton,10,203,"['placed on il recovering from surgery on both ankles', 'placed on il with ankle injury', 'placed on il with ankle injury', 'placed on il with ankle injury', 'placed on il with ankle injury', 'placed on il with ankle injury', 'placed on il with ankle injury', 'placed on il with ankle injury', 'placed on il with ankle injury', 'knee injury (dtd)']"
Klay Thompson,6,149,"['placed on il with plantar fasciitis in left foot', 'placed on il with illness', 'sprained left ankle (dtd)', 'sprained left foot (dtd)', 'illness (dtd)', 'placed on il with foot injury (out for season)']"
Kobe Brown,1,32,['placed on il with sore back']
Kobe Bufkin,2,272,"['placed on il with right shoulder subluxation', 'surgery on right shoulder (out for season)']"
Kris Dunn,2,14,"['placed on il with sore left knee', 'knee injury (dtd)']"
Kris Murray,3,8,"['bruised sternum (dtd)', 'bruised chest (dtd)', 'bruised left quadriceps (dtd)']"
Kristaps Porzingis,12,97,"['surgery on foot (out indefinitely)', 'left leg injury (dtd)', 'placed on il with lower leg injury', 'placed on il with ankle injury', 'left leg injury (dtd)', 'illness (dtd)', 'illness (dtd)', 'illness (dtd)', 'placed on il with illness', 'illness (dtd)', 'illness (dtd)', 'placed on il with illness']"
Kyle Anderson,2,12,"['neck spasms (dtd)', 'placed on il with hamstring injury']"
Kyle Filipowski,1,15,['placed on il with sprained right ankle']
Kyle Kuzma,2,43,"['placed on il with groin injury', 'placed on il with rib injury']"
Kyle Lowry,8,225,"['placed on il with right hip injury', 'lower back spasms (dtd)', 'sore right hip (dtd)', 'placed on il with sore right hip', 'hip injury (dtd)', 'placed on il with right hip injury', 'placed on il with hip injury', 'hip injury (dtd)']"
Kyrie Irving,10,192,"['placed on il with strained right shoulder', 'placed on il with sore right shoulder', 'placed on il with sore right shoulder', 'placed on il with sore right shoulder', 'placed on il with illness', 'placed on il with lumbar sprain', 'placed on il with back injury', 'placed on il with shoulder injury', 'shoulder injury (dtd)', 'placed on il with torn acl in left knee (out for season)']"
Kyshawn George,4,31,"['placed on il with sprained left ankle', 'ankle injury (dtd)', 'placed on il with knee injury', 'sprained left ankle (dtd)']"
LaMelo Ball,11,200,"['placed on il with strained left calf', 'placed on il with various injuries', 'placed on il with wrist injury', 'placed on il with sprained left ankle', 'placed on il with ankle injury', 'placed on il with ankle injury', 'placed on il with ankle injury', 'placed on il with ankle injury', 'placed on il with ankle injury', 'placed on il with wrist injury', 'placed on il with ankle injury (out for season)']"
Lamar Stevens,1,7,['placed on il with shoulder injury']
Larry Nance Jr.,3,217,"['placed on il with fractured fourth metacarpal bone in right hand', 'placed on il with right hand injury', 'placed on il with right knee injury (out for season)']"
Lauri Markkanen,10,190,"['placed on il with lower back spasms', 'placed on il for personal reasons', 'back injury (dtd)', 'placed on il with lower back spasms', 'placed on il with lower back injury', 'placed on il with lower back injury', 'placed on il with back injury', 'placed on il for personal reasons', 'placed on il with illness', 'knee injury (out indefinitely)']"
LeBron James,5,29,"['placed on il with sore left foot', 'placed on il with illness', 'placed on il with ankle injury', 'placed on il with strained groin', 'placed on il with groin injury']"
Leonard Miller,1,2,['placed on il with illness']
Liam Robbins,2,3,"['placed on il with sore left heel', 'placed on il with groin injury']"
Lonnie Walker IV,2,14,"['placed on il with concussion', 'placed on il with concussion']"
Lonzo Ball,8,221,"['placed on il with left knee injury', 'placed on il with sprained right wrist', 'placed on il with left knee injury', 'placed on il with illness', 'various injuries (dtd)', 'placed on il with knee injury', 'placed on il with illness', 'wrist injury (out for season)']"
Luguentz Dort,6,23,"['placed on il with sprained right ankle', 'placed on il with right knee injury', 'placed on il with back spasms', 'placed on il with knee injury', 'placed on il with hip injury', 'placed on il with knee injury']"
Luka Doncic,8,88,"['placed on il with bruised right knee', 'placed on il with right wrist injury', 'placed on il with bruised left heel', 'placed on il with strained left calf', 'placed on il with sprained right ankle', 'placed on il with ankle injury', 'placed on il with quadriceps injury', 'player declined contract option']"
Luka Garza,1,16,['placed on il with sprained left ankle']
Luke Kennard,5,29,"['placed on il with foot injury', 'placed on il with illness', 'sore right hamstring (dtd)', 'placed on il with back injury', 'placed on il with knee injury']"
Luke Kornet,4,12,"['hamstring injury (dtd)', 'placed on il with tightness in right hamstring', 'placed on il for personal reasons', 'illness (dtd)']"
Malaki Branham,1,4,['placed on il with sprained right ankle']
Malcolm Brogdon,5,262,"['right thumb injury (out indefinitely)', 'left hamstring injury (dtd)', 'placed on il with right foot injury', 'right foot injury (dtd)', 'sprained left ankle (out indefinitely)']"
Malik Monk,4,171,"['placed on il with sprained right ankle', 'placed on il with sore right groin', 'placed on il with sore right toe', 'illness (dtd)']"
MarJon Beauchamp,3,10,"['placed on il with illness', 'placed on il with neck spasms', 'placed on il with illness']"
Marcus Smart,10,77,"['sprained right ankle (dtd)', 'placed on il with illness', 'placed on il with sore left shoulder', 'placed on il with right index finger injury', 'finger injury (dtd)', 'illness (dtd)', 'placed on il with finger injury', 'placed on il with finger injury', 'placed on il with illness', 'placed on il with right index finger injury']"
Mark Williams,9,189,"['placed on il with foot injury', 'left foot injury (dtd)', 'placed on il with foot injury', 'placed on il with right foot injury', 'placed on il with left foot injury', 'placed on il with left foot injury', 'placed on il with left foot injury', 'placed on il with back injury', 'placed on il with foot injury (out for season)']"
Markieff Morris,2,6,"['placed on il with illness', 'placed on il with illness']"
Marvin Bagley III,3,65,"['illness (dtd)', 'sprained right knee (dtd)', 'placed on il with concussion protocol']"
Mason Plumlee,1,4,['placed on il with quadriceps injury']
Matas Buzelis,1,2,['placed on il with illness']
Matisse Thybulle,1,145,['surgery on right knee (out indefinitely)']
Max Strus,3,65,"['placed on il with sprained ankle', 'placed on il with right ankle injury', 'placed on il with ankle injury']"
Maximilian Kleber / Maxi Kleber,3,120,"['placed on il with strained right hamstring', 'placed on il with illness', 'fractured right foot (out indefinitely)']"
Maxwell Lewis,1,39,['placed on il with fractured tibia in left leg']
Micah Potter,3,10,"['placed on il with illness', 'placed on il with illness', 'placed on il with illness']"
Michael Porter Jr.,2,12,"['placed on il with hamstring injury', 'placed on il for personal reasons']"
Mike Conley Jr.,3,21,"['placed on il with sprained left toe', 'placed on il with sprained right thumb', 'finger injury (dtd)']"
Miles Bridges,3,206,"['placed on il with bruised right knee', 'bruised right knee (dtd)', 'hip injury (dtd)']"
Miles McBride,3,26,"['illness (dtd)', 'tightness in hamstring (dtd)', 'placed on il with groin injury']"
Mitchell Robinson,5,165,"['surgery on left ankle (out indefinitely)', 'ankle injury (dtd)', 'placed on il with ankle injury', 'placed on il with ankle injury', 'placed on il with ankle injury']"
Mohamed Bamba / Mo Bamba,2,29,"['placed on il with knee injury', 'placed on il with left knee injury']"
Monte Morris,2,18,"['placed on il with back injury', 'placed on il with back injury']"
Moses Moody,5,107,"['placed on il with patellar injury in left knee', 'left knee injury (dtd)', 'patellar injury in left knee (dtd)', 'placed on il with strained lower back', 'surgery on right thumb to repair torn ucl (out indefinitely)']"
Moussa Diabate,3,16,"['placed on il with illness', 'placed on il with eye injury', 'placed on il with illness']"
Myles Turner,7,21,"['sprained left ankle (dtd)', 'sore right calf (dtd)', 'illness (dtd)', 'right peroneal injury (dtd)', 'placed on il with strained neck', 'placed on il with bruised left hip', 'placed on il with illness']"
Naji Marshall,2,55,"['placed on il with illness', 'illness (dtd)']"
Naz Reid,1,1,['placed on il with illness']
Nick Richards,5,168,"['sore right shoulder (dtd)', 'placed on il with sprained right ankle', 'placed on il with sore right ankle', 'placed on il with calf injury', 'placed on il with elbow injury (out for season)']"
Nick Smith Jr.,3,133,"['back injury (dtd)', 'placed on il with ankle injury', 'groin injury (dtd)']"
Nicolas Batum,3,12,"['placed on il with right finger injury', 'placed on il with illness', 'placed on il with groin injury']"
Nicolas Claxton / Nic Claxton,4,14,"['placed on il with left hamstring injury', 'placed on il with strained lower back', 'placed on il with sore lower back', 'placed on il with tightness in right hamstring']"
Nikola Jokic,5,160,"['placed on il for personal reasons', 'placed on il with illness', 'placed on il with right elbow inflammation', 'placed on il with various injuries', 'ankle injury (dtd)']"
Nikola Jovic,3,64,"['sprained left ankle (dtd)', 'sprained left ankle (dtd)', 'placed on il with fractured right hand']"
Nikola Vucevic,3,18,"['placed on il with illness', 'tightness in right calf (dtd)', 'placed on il with calf injury']"
Noah Clowney,7,205,"['placed on il with sore right hip', 'placed on il with sprained left ankle', 'bruised left hip (dtd)', 'sprained left ankle (out indefinitely)', 'ankle injury (dtd)', 'placed on il with various injuries', 'ankle injury (out for season)']"
Norman Powell,7,43,"['placed on il with strained left hamstring', 'placed on il with left hamstring injury', 'placed on il with sore back', 'sore right hip (dtd)', 'placed on il with knee injury', 'placed on il with strained right hamstring', 'placed on il with shoulder injury']"
Obi Toppin,2,7,"['sprained left ankle (dtd)', 'placed on il with ankle injury']"
Ochai Agbaji,3,28,"['placed on il with bruised lower back', 'placed on il with laceration on right hand', 'placed on il with ankle injury']"
Ogugua Anunoby / O.G. Anunoby,3,26,"['placed on il with sprained right foot', 'placed on il with thumb injury', 'placed on il with thumb injury']"
Onyeka Okongwu,4,141,"['left bog toe injury (dtd)', 'placed on il with left big toe injury', 'placed on il with left knee inflammation', 'placed on il with knee injury (out for season)']"
Orlando Robinson,1,22,['knee injury (dtd)']
Osasere Ighodaro / Oso Ighodaro,1,1,['placed on il with illness']
Oscar Tshiebwe,1,10,['illness (dtd)']
Ousmane Dieng,4,91,"['placed on il with fractured right ring finger', 'placed on il with strained soleus muscle in right calf', 'wrist injury (dtd)', 'calf injury (dtd)']"
P.J. Washington,10,178,"['placed on il with sprained right knee', 'placed on il with illness', 'placed on il with knee injury', 'placed on il for personal reasons', 'placed on il with sprained right ankle', 'ankle injury (dtd)', 'placed on il with ankle injury', 'placed on il with ankle injury', 'illness (dtd)', 'ankle injury (out for season)']"
Paolo Banchero,2,75,"['placed on il with torn right oblique muscle', 'placed on il with ankle injury']"
Pascal Siakam,3,9,"['placed on il for personal reasons', 'placed on il with right elbow injury', 'placed on il with elbow injury']"
Pat Connaughton,3,24,"['placed on il with calf injury', 'placed on il with strained right calf', 'placed on il with ankle injury']"
Patrick Baldwin Jr.,2,5,"['placed on il with sore right ankle', 'placed on il with right calf injury']"
Patrick Mills / Patty Mills,1,11,['placed on il with illness']
Patrick Williams,2,41,"['placed on il with foot injury', 'placed on il with right knee injury']"
Paul George,8,212,"['knee injury (out indefinitely)', 'placed on il with bruised left knee', 'tightness in left groin (dtd)', 'sore right ankle (dtd)', 'tightness in left groin (dtd)', 'placed on il with extensor tendon injury in left finger', 'sore left groin (dtd)', 'placed on il with adductor injury / groin injury (out for season)']"
Payton Pritchard,2,2,"['illness (dtd)', 'placed on il with hip injury']"
Pelle Larsson,2,20,"['sprained right ankle (dtd)', 'ankle injury (dtd)']"
Pete Nance,1,11,['placed on il with ankle injury']
Peyton Watson,2,171,"['placed on il with sprained right knee', 'knee injury (dtd)']"
Precious Achiuwa,2,47,"['strained left hamstring (out indefinitely)', 'hamstring injury (dtd)']"
Quentin Grimes,4,7,"['placed on il with illness', 'placed on il with back spasms', 'placed on il with illness', 'shoulder injury (dtd)']"
Quincy Olivari,1,4,['sprained right ankle (dtd)']
Quinten Post,1,3,['placed on il with illness']
R.J. Barrett,6,44,"['placed on il with shoulder injury', 'illness (dtd)', 'placed on il with illness', 'placed on il with concussion protocol', 'placed on il for personal reasons', 'placed on il with illness']"
Reed Sheppard,1,23,['fractured right thumb (out indefinitely)']
Reggie Jackson (Shon),1,3,['placed on il with sore right knee']
Richaun Holmes,5,150,"['placed on il with illness', 'illness (dtd)', 'knee injury (dtd)', 'placed on il with knee injury', 'placed on il with shoulder injury (out for season)']"
Rob Dillingham,3,46,"['placed on il with sprained right ankle', 'placed on il with sprained right ankle', 'placed on il with ankle injury']"
Robert Williams III,10,232,"['strained left hamstring (dtd)', 'placed on il with concussion protocol', 'sprained left ankle (dtd)', 'placed on il with illness', 'placed on il with sore left ankle', 'sore right hand (dtd)', 'hand injury (dtd)', 'right knee injury (dtd)', 'knee injury (dtd)', 'left knee injury (dtd)']"
Royce O'Neale,2,15,"['placed on il with sprained left ankle', 'placed on il with illness']"
Rudy Gobert,1,24,['placed on il with back injury']
Rui Hachimura,8,45,"['illness (dtd)', 'placed on il with ankle injury', 'placed on il with calf injury', 'placed on il with strained left knee', 'placed on il with knee injury', 'placed on il with knee injury', 'placed on il with knee injury', 'placed on il with knee injury']"
Russell Westbrook,2,21,"['placed on il with strained left hamstring', 'placed on il with foot injury']"
Ryan Dunn,3,11,"['placed on il with ankle injury', 'placed on il with sore left ankle', 'placed on il with sprained left ankle']"
Ryan Rollins,3,69,"['left shoulder injury (dtd)', 'illness (dtd)', 'shoulder injury (dtd)']"
Sam Hauser,8,26,"['placed on il with back injury', 'placed on il for personal reasons', 'placed on il with right adductor injury', 'lower back spasms (dtd)', 'placed on il with right hip impingement', 'ankle injury (dtd)', 'back injury (dtd)', 'ankle injury (dtd)']"
Sam Merrill,6,117,"['placed on il with ankle injury', 'ankle injury (dtd)', 'placed on il with sprained right ankle', 'placed on il with illness', 'personal reasons (dtd)', 'neck injury (out for season)']"
Santi Aldama,5,32,"['placed on il with sprained left ankle', 'placed on il with illness', 'placed on il with calf injury', 'placed on il with calf injury', 'ankle injury (dtd)']"
Scottie Barnes,5,40,"['eye injury (dtd)', 'placed on il with sprained right ankle', 'hip injury (dtd)', 'hand injury (dtd)', 'placed on il with hand injury']"
Scotty Pippen Jr.,2,3,"['placed on il with wrist injury', 'back injury (dtd)']"
Seth Curry,5,9,"['placed on il with sore left knee', 'sore right knee (dtd)', 'placed on il with ankle injury', 'placed on il with back injury', 'placed on il with sore right knee']"
Seth Lundy,1,6,['sprained ankle (dtd)']
Shaedon Sharpe,2,161,"['torn labrum in left shoulder (out indefinitely)', 'knee injury (dtd)']"
Shai Gilgeous-Alexander,2,9,"['sore right wrist (dtd)', 'placed on il with shin injury']"
Sidy Cissoko,2,5,"['placed on il with concussion', 'placed on il with ankle injury']"
Simone Fontecchio,3,11,"['placed on il with sprained left toe', 'placed on il for personal reasons', 'dislocated right finger (dtd)']"
Spencer Dinwiddie,1,1,['placed on il with sore right knee']
Spencer Jones,1,28,['placed on il with strained right adductor']
Stephen Curry,9,129,"['placed on il with left ankle injury', 'placed on il with knee injury', 'placed on il with knee injury', 'placed on il with knee injury', 'placed on il with knee injury', 'placed on il with knee injury', 'knee injury (dtd)', 'placed on il with bruised pelvis', 'strained left hamstring (out indefinitely)']"
Stephon Castle,1,3,['placed on il with bruised left shoulder']
Sterling Henderson / Scoot Henderson,4,166,"['quadriceps injury / back injury (dtd)', 'bruised left quadriceps (dtd)', 'sprained right ankle (dtd)', 'concussion protocol (dtd)']"
Steven Adams,12,29,"['placed on il with various injuries', 'placed on il with right knee injury', 'placed on il with right knee injury', 'placed on il with right knee injury', 'placed on il with right knee injury', 'placed on il with right knee injury', 'migraine headache (dtd)', 'ankle injury (dtd)', 'placed on il with sore left ankle', 'sore left ankle (dtd)', 'placed on il with sore left ankle', 'wrist injury (dtd)']"
Sviatoslav Mykhailiuk / Svi Mykhailiuk,2,11,"['placed on il with strained left groin', 'placed on il with foot injury']"
T.J. McConnell,2,6,"['placed on il with illness', 'placed on il with ankle injury']"
Taj Gibson,2,2,"['placed on il with illness', 'placed on il with illness']"
Talen Horton-Tucker,2,8,"['placed on il with knee injury', 'leg injury (dtd)']"
Tari Eason,2,33,"['placed on il with concussion protocol', 'placed on il with lower leg injury']"
Taurean Prince,2,5,"['placed on il with sprained left ankle', 'placed on il with knee injury']"
Terrence Shannon Jr.,2,31,"['placed on il with sprained right foot', 'placed on il with groin injury']"
Terry Rozier,5,139,"['right foot injury (dtd)', 'left knee inflammation (dtd)', 'illness (dtd)', 'illness (dtd)', 'ankle injury (dtd)']"
Tidjane Salaun,4,16,"['placed on il with sprained right ankle', 'placed on il with illness', 'placed on il with sprained right ankle', 'placed on il with ankle injury']"
Tim Hardaway Jr.,3,8,"['placed on il with laceration on head', 'tightness in lower back (dtd)', 'sprained right ankle (dtd)']"
Tobias Harris,6,22,"['placed on il with left hip impingement', 'placed on il with sprained right thumb', 'personal reasons (dtd)', 'bruised left calf (dtd)', 'right achilles injury (dtd)', 'placed on il with achilles / heel injury']"
Tony Bradley,1,2,['placed on il with illness']
Torrey Craig,4,49,"['placed on il with illness', 'placed on il with allergic reaction', 'placed on il with left achilles injury', 'bruised right lower leg (out indefinitely)']"
Toumani Camara,4,8,"['sprained left foot (dtd)', 'illness (dtd)', 'calf injury (dtd)', 'ankle injury (dtd)']"
Trae Young,6,137,"['placed on il with right achilles tendinitis', 'placed on il with bruised right heel', 'placed on il with bruised right rib', 'placed on il with hamstring injury', 'quadriceps injury (dtd)', 'placed on il with achilles injury (out for season)']"
Trayce Jackson-Davis,2,5,"['sore right knee (dtd)', 'illness (dtd)']"
Tre Jones,3,188,"['placed on il with sprained right ankle', 'placed on il with sprained left shoulder', 'sprained left foot (dtd)']"
Tre Mann,3,274,"['placed on il with sore lower back', 'placed on il with sore lower back', 'sore lower back (dtd)']"
Trendon Watford,6,87,"['strained left hamstring (dtd)', 'placed on il with sore left hamstring', 'placed on il with hamstring injury', 'placed on il with left hamstring injury', 'hamstring injury (dtd)', 'ankle injury (dtd)']"
Trevelin Queen,2,6,"['placed on il with illness', 'placed on il with ankle injury']"
Trey Jemison III,1,6,['placed on il with illness']
Trey Lyles,2,28,"['placed on il with strained right calf', 'placed on il with back injury']"
Trey Murphy III,6,204,"['placed on il with strained right hamstring', 'right hamstring injury (dtd)', 'hamstring injury (dtd)', 'bruised left knee (dtd)', 'placed on il with sprained left ankle', 'torn labrum in right shoulder (out for season)']"
Tristan Vukcevic,3,44,"['placed on il with bruised left knee', 'placed on il with sprained right ankle', 'placed on il with knee injury']"
Tristan da Silva,1,2,['placed on il with illness']
Ty Jerome,4,37,"['placed on il with illness', 'placed on il with illness', 'placed on il with calf injury', 'placed on il with knee injury']"
TyTy Washington Jr.,1,2,['placed on il with illness']
Tyler Herro,4,8,"['sore right groin (dtd)', 'illness (dtd)', 'illness (dtd)', 'thigh injury (dtd)']"
Tyler Kolek,2,8,"['illness (dtd)', 'sprained ankle (dtd)']"
Tyler Smith,4,175,"['placed on il with illness', 'illness (dtd)', 'placed on il with ankle injury', 'ankle injury (dtd)']"
Tyrese Haliburton,5,72,"['strained left groin (dtd)', 'hip injury (dtd)', 'placed on il with back injury', 'placed on il with back injury', 'surgery to repair torn right achilles tendon (out for season)']"
Tyrese Maxey,4,189,"['placed on il with strained right hamstring', 'sprained left hand (dtd)', 'bruised right knee (dtd)', 'back injury (dtd)']"
Tyus Jones,1,1,['placed on il with illness']
Vasilije Micic / Vasa Micic,2,10,"['placed on il with sprained left ankle', 'placed on il with illness']"
Victor Wembanyama,4,193,"['placed on il with bruised right knee', 'placed on il with sore lower back', 'placed on il with illness', 'right shoulder injury (out for season)']"
Vince Williams Jr.,8,143,"['fractured tibia (out indefinitely)', 'placed on il with sprained right ankle', 'placed on il with knee injury', 'placed on il with sore left knee', 'placed on il with knee injury', 'placed on il with foot injury', 'placed on il with ankle injury', 'placed on il with illness']"
Vit Krejci,3,47,"['right adductor injury (out indefinitely)', 'placed on il with strained right adductor', 'placed on il with fractured back']"
Vlatko Cancar,2,118,"['placed on il with sprained right ankle', 'placed on il with sprained left knee']"
Walker Kessler,6,29,"['placed on il with sore right hip', 'placed on il with bruised left shoulder', 'placed on il with shoulder injury', 'sprained thumb (dtd)', 'placed on il with illness', 'placed on il with illness']"
Wendell Carter Jr.,3,27,"['right knee tendinitis (dtd)', 'placed on il with plantar fasciitis in left foot', 'hip injury (dtd)']"
Wendell Moore Jr.,1,86,['personal reasons (dtd)']
Xavier Tillman,3,23,"['illness (dtd)', 'left knee inflammation (dtd)', 'placed on il with knee injury']"
Yuki Kawamura,2,13,"['placed on il with sore left shoulder', 'placed on il with hamstring injury']"
Yves Missi,5,146,"['shoulder injury (dtd)', 'placed on il with illness', 'ankle injury (dtd)', 'placed on il with hip injury', 'ankle injury (dtd)']"
Zaccharie Risacher,2,13,"['left adductor injury (out indefinitely)', 'placed on il with adductor injury']"
Zach Collins,1,7,['placed on il with bruised lower back']
Zach Edey,4,35,"['placed on il with sprained left ankle', 'placed on il with concussion protocol', 'ankle injury (dtd)', 'ankle injury (dtd)']"
Zach LaVine,5,17,"['placed on il with strained right adductor', 'placed on il with lower back spasms', 'placed on il with sore left toe', 'placed on il for personal reasons', 'placed on il for personal reasons']"
Ziaire Williams,5,169,"['placed on il with sprained left knee', 'sprained left ankle (dtd)', 'achilles injury (dtd)', 'hamstring injury (dtd)', 'knee injury (dtd)']"
Zion Williamson,7,235,"['placed on il with illness', 'placed on il with tightness in right hamstring', 'strained left hamstring (dtd)', 'hamstring injury (dtd)', 'placed on il with illness', 'placed on il for personal reasons', 'bruised lower back (out for season)']"
Andre Jackson Jr.,1,214,['hip injury (dtd)']
Anton Watson,1,234,['strained left adductor (dtd)']
Armel Traore,1,247,['bruised right quadriceps (dtd)']
Bobi Klintman,1,302,['calf injury (dtd)']
Bojan Bogdanovic,1,323,['surgery on foot (out for season)']
Branden Carlson,1,237,['concussion protocol (dtd)']
Cameron Christie / Cam Christie,1,206,['ankle injury (dtd)']
Christian Wood,1,344,['surgery on left knee (out indefinitely)']
Cody Zeller,1,301,['player not with team']
Cui Yongxi,1,249,['torn acl in left knee (out for season)']
De'Aaron Fox,1,159,['surgery on pinkie finger (out for season)']
Elijah Harkless,1,148,['groin injury (dtd)']
Grant Williams,1,268,['placed on il with torn acl in right knee (out for season)']
Haywood Highsmith,1,11,['surgery on right knee (out indefinitely)']
Isaac Jones,1,254,['illness (dtd)']
J.T. Thor,1,128,['knee injury (dtd)']
James Wiseman,1,299,['placed on il with torn achilles tendon']
Jared McCain,1,248,['surgery on left knee (out indefinitely)']
Jaylen Wells,1,131,['fractured wrist (out indefinitely)']
Julian Strawther,1,168,['sprained left knee (out indefinitely)']
Landry Shamet,1,305,['dislocated right shoulder (out indefinitely)']
Marcus Garrett,1,152,['back injury (dtd)']
Moritz Wagner / Moe Wagner,1,240,['placed on il with torn acl in knee (out for season)']
Olivier-Maxence Prosper,1,166,['wrist injury (dtd)']
P.J. Tucker,1,317,['player not with team (out indefinitely)']
Pacome Dadiet,1,206,['sprained right big toe (dtd)']
Reece Beekman,1,128,['calf injury (dtd)']
Saddiq Bey,1,308,['knee injury (dtd)']
Taylor Hendricks,1,294,['placed on il with right leg injury (out for season)']
Terance Mann,1,258,['surgery on left middle finger (out indefinitely)']
Trentyn Flowers,1,329,['surgery on left wrist (out indefinitely)']
Ulrich Chomche,1,181,['torn mcl in right knee (out for season)']
Zyon Pullin,1,175,['placed on il with right knee injury (out for season)']
fractured rib (out indefinitely),1,206,['placed on il with fractured rib']
torn ACL in left knee (out for season),1,168,['placed on il with torn acl in left knee (out for season)']
