,injury,name
0,placed on il with lumbar injury,A.J. Green
1,placed on il with strained left quadriceps,A.J. Green
2,placed on il with shoulder injury,A.J. Green
3,placed on il with achilles tendinitis,A.J. Johnson
4,illness (dtd),A.J. Johnson
5,placed on il with strained right calf,Aaron Gordon
6,placed on il with strained right calf,Aaron Gordon
7,placed on il with strained right calf,Aaron Gordon
8,placed on il with right calf injury,Aaron Gordon
9,placed on il with right calf injury,Aaron Gordon
10,placed on il with right calf injury,Aaron Gordon
11,placed on il with sprained left ankle,Aaron Gordon
12,placed on il with calf injury,Aaron Gordon
13,placed on il with various injuries,Aaron Gordon
14,placed on il with calf injury,Aaron Gordon
15,calf injury (dtd),Aaron Gordon
16,sprained left ankle (dtd),Aaron Nesmith
17,placed on il with sprained left ankle,Aaron Nesmith
18,placed on il with ankle injury,Aaron Nesmith
19,illness (dtd),Aaron Wiggins
20,placed on il with achilles injury,Aaron Wiggins
21,placed on il with bruised right hand,Adam Flagler
22,fractured right hand (out indefinitely),Adam Flagler
23,placed on il with knee injury,Adama Sanogo
24,placed on il with right knee injury,Adama Sanogo
25,placed on il with knee injury,Adama Sanogo
26,placed on il with knee injury,Adem Bona
27,placed on il with ankle injury,Adem Bona
28,placed on il with sprained right big toe,Ajay Mitchell
29,surgery on right big toe to repair turf toe sprain (out indefinitely),Ajay Mitchell
30,illness (dtd),Al Horford
31,illness (dtd),Al Horford
32,placed on il with sprained big toe,Al Horford
33,placed on il with sprained left big toe,Al Horford
34,sprained left big toe (dtd),Al Horford
35,sprained left big toe (dtd),Al Horford
36,sprained left big toe (dtd),Al Horford
37,toe injury (dtd),Al Horford
38,placed on il with sprained left big toe,Al Horford
39,toe injury (dtd),Al Horford
40,placed on il with toe injury,Al Horford
41,placed on il with toe injury,Al Horford
42,placed on il with knee injury,Al Horford
43,placed on il with knee injury,Al Horford
44,back injury (dtd),Alec Burks
45,placed on il with back injury,Alec Burks
46,back injury (dtd),Alec Burks
47,placed on il with sore right hip,Alex Caruso
48,placed on il with right hip injury,Alex Caruso
49,placed on il with left hip injury,Alex Caruso
50,placed on il with sprained ankle,Alex Caruso
51,placed on il with hip injury,Alex Caruso
52,placed on il with sprained left ankle,Alex Caruso
53,illness (dtd),Alex Caruso
54,ankle injury (dtd),Alex Caruso
55,sprained right ankle (dtd),Alex Caruso
56,sprained lower back (dtd),Alex Ducas
57,placed on il with quadriceps injury,Alex Ducas
58,placed on il with achilles injury,Alex Reese
59,placed on il with sore lower back,Alex Sarr
60,placed on il with sore lower back,Alex Sarr
61,illness (dtd),Alex Sarr
62,placed on il with sprained left ankle,Alex Sarr
63,placed on il with ankle injury,Alex Sarr
64,bruised left calf (dtd),Alperen Sengun
65,sore lower back (dtd),Alperen Sengun
66,placed on il with back injury,Alperen Sengun
67,tightness in left calf (dtd),Amen Thompson
68,shoulder injury (dtd),Amen Thompson
69,ankle injury (dtd),Amen Thompson
70,placed on il with knee injury,Amir Coffey
71,placed on il with sore left knee,Amir Coffey
72,placed on il with illness,Andre Drummond
73,placed on il with sprained right ankle,Andre Drummond
74,placed on il with left big toe injury,Andre Drummond
75,placed on il with sprained left toe,Andre Drummond
76,sprained left toe (dtd),Andre Drummond
77,placed on il with sprained left toe,Andre Drummond
78,toe injury (dtd),Andre Drummond
79,toe injury (dtd),Andre Drummond
80,placed on il with toe injury,Andre Drummond
81,illness (dtd),Andre Drummond
82,toe injury (out indefinitely),Andre Drummond
83,hip injury (dtd),Andre Jackson Jr.
84,sore left knee (dtd),Andrew Nembhard
85,sore left knee (dtd),Andrew Nembhard
86,placed on il with sore left knee,Andrew Nembhard
87,back injury (dtd),Andrew Nembhard
88,laceration on left thumb (dtd),Andrew Nembhard
89,back injury (dtd),Andrew Wiggins
90,placed on il with right ankle impingement,Andrew Wiggins
91,placed on il for personal reasons,Andrew Wiggins
92,illness (dtd),Andrew Wiggins
93,ankle injury (dtd),Andrew Wiggins
94,placed on il with ankle injury,Andrew Wiggins
95,leg injury (dtd),Andrew Wiggins
96,right hamstring injury (dtd),Andrew Wiggins
97,placed on il with right hamstring injury,Andrew Wiggins
98,hamstring injury (dtd),Andrew Wiggins
99,placed on il with illness,Anfernee Simons
100,placed on il with strained right elbow,Anfernee Simons
101,illness (dtd),Anfernee Simons
102,forearm injury (dtd),Anfernee Simons
103,back spasms (dtd),Anthony Black
104,placed on il with back spasms,Anthony Black
105,heel injury (dtd),Anthony Davis
106,sprained left ankle (dtd),Anthony Davis
107,plantar fasciitis in left foot (dtd),Anthony Davis
108,placed on il with strained abdominal,Anthony Davis
109,placed on il with strained left adductor,Anthony Davis
110,placed on il with abdominal injury,Anthony Davis
111,placed on il with groin injury (out for season),Anthony Davis
112,placed on il with illness,Anthony Edwards
113,placed on il with sore right hip,Anthony Edwards
114,placed on il with ankle injury,Anthony Gill
115,left hip injury (dtd),Anthony Gill
116,hamstring injury (dtd),Anthony Gill
117,strained left adductor (dtd),Anton Watson
118,placed on il with sprained left ankle,Ariel Hukporti
119,placed on il with illness,Ariel Hukporti
120,placed on il with torn meniscus in left knee,Ariel Hukporti
121,bruised right quadriceps (dtd),Armel Traore
122,blood clots (out indefinitely),Ausar Thompson
123,placed on il with groin injury,Ausar Thompson
124,placed on il with illness,Ausar Thompson
125,placed on il with knee injury,Ausar Thompson
126,placed on il with bruised pelvis,Austin Reaves
127,placed on il with calf injury,Austin Reaves
128,placed on il with ankle injury,Austin Reaves
129,placed on il with ankle injury,Austin Reaves
130,right achilles injury / strained right calf (out indefinitely),Ayo Dosunmu
131,placed on il with strained right calf,Ayo Dosunmu
132,strained soleus muscle in right calf (dtd),Ayo Dosunmu
133,placed on il with shoulder injury,Ayo Dosunmu
134,left shoulder subluxation,Ayo Dosunmu
135,surgery on left shoulder (out for season),Ayo Dosunmu
136,placed on il with strained left oblique,Ben Sheppard
137,placed on il with toe injury,Ben Sheppard
138,placed on il with lower back injury,Ben Simmons
139,placed on il with lower back injury,Ben Simmons
140,placed on il with lower back injury,Ben Simmons
141,placed on il with tightness in left calf,Ben Simmons
142,placed on il with bruised left knee / lower back injury,Ben Simmons
143,placed on il with sore left calf / various injuries,Ben Simmons
144,placed on il with lower back injury,Ben Simmons
145,illness (dtd),Ben Simmons
146,placed on il with illness,Ben Simmons
147,placed on il with back injury,Ben Simmons
148,left knee injury (dtd),Ben Simmons
149,knee injury (dtd),Ben Simmons
150,placed on il with left knee injury,Ben Simmons
151,placed on il with knee injury,Ben Simmons
152,placed on il with knee injury,Ben Simmons
153,illness (dtd),Bennedict Mathurin
154,sprained left wrist (dtd),Bennedict Mathurin
155,placed on il with sore left calf,Bennedict Mathurin
156,placed on il with calf injury,Bennedict Mathurin
157,placed on il with head injury,Bilal Coulibaly
158,placed on il with sore right groin,Bilal Coulibaly
159,placed on il with illness,Bilal Coulibaly
160,bruised right hip (dtd),Bilal Coulibaly
161,hamstring injury (out indefinitely),Bilal Coulibaly
162,placed on il with bruised right elbow,Bobby Portis
163,placed on il for personal reasons,Bobby Portis
164,calf injury (dtd),Bobi Klintman
165,placed on il with right hamstring injury,Bogdan Bogdanovic
166,placed on il with right hamstring injury,Bogdan Bogdanovic
167,bruised quadriceps (dtd),Bogdan Bogdanovic
168,bruised left lower leg (dtd),Bogdan Bogdanovic
169,placed on il with bruised left lower leg,Bogdan Bogdanovic
170,bruised left lower leg (dtd),Bogdan Bogdanovic
171,placed on il for personal reasons,Bogdan Bogdanovic
172,surgery on foot (out for season),Bojan Bogdanovic
173,placed on il with bruised left knee,Bol Bol
174,placed on il with sore right elbow,Bradley Beal
175,placed on il with sprained right elbow,Bradley Beal
176,placed on il with bruised left calf,Bradley Beal
177,placed on il with left calf injury,Bradley Beal
178,placed on il with right knee injury,Bradley Beal
179,placed on il with sprained left ankle,Bradley Beal
180,placed on il with sprained left ankle,Bradley Beal
181,placed on il with toe injury,Bradley Beal
182,placed on il with calf injury,Bradley Beal
183,calf injury (dtd),Bradley Beal
184,placed on il with hamstring injury,Bradley Beal
185,concussion protocol (dtd),Branden Carlson
186,placed on il with illness,Brandin Podziemski
187,placed on il with abdominal injury,Brandin Podziemski
188,placed on il with back injury,Brandin Podziemski
189,placed on il with ankle injury,Brandon Boston Jr. / B.J. Boston Jr.
190,ankle injury (out indefinitely),Brandon Boston Jr. / B.J. Boston Jr.
191,placed on il with sore left toe,Brandon Clarke
192,sore right knee (dtd),Brandon Clarke
193,placed on il with sore back,Brandon Clarke
194,placed on il with mouth injury,Brandon Clarke
195,placed on il with knee injury,Brandon Clarke
196,placed on il with sprained right knee (out for season),Brandon Clarke
197,placed on il with bilateral sprained ankles,Brandon Ingram
198,placed on il with sore right calf,Brandon Ingram
199,sprained left ankle (out indefinitely),Brandon Ingram
200,sprained left ankle (out for season),Brandon Ingram
201,placed on il with strained left gluteal muscle,Brandon Miller
202,placed on il with sprained left ankle,Brandon Miller
203,sprained left ankle (dtd),Brandon Miller
204,torn ligament in right wrist (out indefinitely),Brandon Miller
205,surgery on right wrist to repair torn ligament (out for season),Brandon Miller
206,placed on il with sprained right thumb,Brandon Williams (b. 1975-02-27)
207,placed on il with hamstring injury,Brandon Williams (b. 1975-02-27)
208,placed on il with hamstring injury,Brandon Williams (b. 1975-02-27)
209,oblique injury (dtd),Brandon Williams (b. 1975-02-27)
210,placed on il with illness,Brice Sensabaugh
211,placed on il with sprained right ankle,Brice Sensabaugh
212,placed on il with bruised left heel,Bronny James
213,placed on il with illness,Bronny James
214,placed on il with strained left forearm,Bronny James
215,placed on il with illness,Bronny James
216,placed on il with illness,Bronny James
217,placed on il with back injury,Brook Lopez
218,surgery on right knee (out indefinitely),Bruce Brown
219,placed on il recovering from surgery on right knee (date approximate),Bruce Brown
220,placed on il with right knee injury,Bruce Brown
221,right knee injury (dtd),Bruce Brown
222,knee injury (dtd),Bruce Brown
223,sprained right ankle (dtd),Bruno Fernando
224,placed on il with sprained right ankle,Bruno Fernando
225,placed on il with left big toe injury,Bruno Fernando
226,right adductor injury (dtd),C.J. McCollum
227,placed on il with strained right adductor,C.J. McCollum
228,personal reasons (dtd),C.J. McCollum
229,sprained right ankle (dtd),C.J. McCollum
230,bruised foot (out for season),C.J. McCollum
231,placed on il with hip injury,Cade Cunningham
232,left hip injury (dtd),Cade Cunningham
233,ankle injury (dtd),Cade Cunningham
234,calf injury (dtd),Cade Cunningham
235,placed on il,Cade Cunningham
236,knee injury (dtd),Cade Cunningham
237,placed on il with illness,Caleb Houstan
238,placed on il with sore back,Caleb Martin
239,placed on il with right shoulder impingement,Caleb Martin
240,sore right groin (dtd),Caleb Martin
241,placed on il with sore right groin,Caleb Martin
242,hip injury (dtd),Caleb Martin
243,hip injury (dtd),Caleb Martin
244,personal reasons (dtd),Cam Reddish
245,peroneal injury in right foot (dtd),Cam Reddish
246,illness (dtd),Cam Reddish
247,back injury (dtd),Cam Reddish
248,placed on il for personal reasons,Cam Reddish
249,placed on il with sprained right ankle,Cam Spencer
250,left thumb injury (out indefinitely),Cam Spencer
251,placed on il with sore left knee,Cam Whitmore
252,illness (dtd),Cam Whitmore
253,ankle injury (dtd),Cameron Christie / Cam Christie
254,sprained left ankle (dtd),Cameron Johnson
255,hip injury (dtd),Cameron Johnson
256,placed on il with sprained right ankle,Cameron Johnson
257,sprained right ankle (dtd),Cameron Johnson
258,sprained right ankle (out indefinitely),Cameron Johnson
259,placed on il with sprained right ankle,Cameron Johnson
260,placed on il with knee injury,Cameron Johnson
261,back injury (dtd),Cameron Johnson
262,strained left hamstring (dtd),Cameron Payne
263,placed on il with strained left hamstring,Cameron Payne
264,left elbow injury (dtd),Cameron Payne
265,placed on il with ankle injury,Cameron Payne
266,tightness in lower back (dtd),Cameron Thomas / Cam Thomas
267,placed on il with strained left hamstring,Cameron Thomas / Cam Thomas
268,left hamstring injury (dtd),Cameron Thomas / Cam Thomas
269,placed on il with strained left hamstring,Cameron Thomas / Cam Thomas
270,left hamstring injury (dtd),Cameron Thomas / Cam Thomas
271,placed on il with hamstring injury,Cameron Thomas / Cam Thomas
272,strained left hamstring (out for season),Cameron Thomas / Cam Thomas
273,placed on il with sore right knee,Caris LeVert
274,placed on il with left knee inflammation,Caris LeVert
275,placed on il with wrist injury,Caris LeVert
276,placed on il with sprained left middle finger,Caris LeVert
277,knee injury (dtd),Caris LeVert
278,placed on il with knee injury (out for season),Caris LeVert
279,placed on il with bruised left quadriceps,Cason Wallace
280,placed on il with strained right shoulder,Cason Wallace
281,bruised knee (dtd),Cason Wallace
282,placed on il with shoulder injury,Cason Wallace
283,strained right shoulder (dtd),Cason Wallace
284,placed on il with sprained mcl in left knee,Charles Bassey
285,placed on il with bruised left knee,Charles Bassey
286,placed on il with fractured right hip,Chet Holmgren
287,placed on il with ankle injury,Chet Holmgren
288,bruised right lower leg (dtd),Chet Holmgren
289,placed on il with hip injury,Chet Holmgren
290,placed on il with back injury,Chet Holmgren
291,placed on il with illness,Chris Boucher
292,placed on il with dental surgery,Chris Boucher
293,placed on il with illness,Chris Boucher
294,illness (dtd),Chris Boucher
295,placed on il for personal reasons,Chris Duarte
296,placed on il with sprained left ankle,Chris Livingston
297,placed on il with illness,Chris Livingston
298,placed on il with strained lower back,Christian Braun
299,placed on il with foot injury,Christian Braun
300,foot injury (dtd),Christian Braun
301,blood clots (out indefinitely),Christian Koloko
302,surgery on left knee (out indefinitely),Christian Wood
303,placed on il with sore right knee,Clint Capela
304,back spasms (dtd),Clint Capela
305,placed on il with back spasms,Clint Capela
306,personal reasons (dtd),Clint Capela
307,strained ligament in left hand (out for season),Clint Capela
308,placed on il with sprained left ankle,Coby White
309,sore ankle (dtd),Coby White
310,placed on il with sore ankle,Coby White
311,placed on il with sore left knee,Cody Martin
312,core muscle injury (dtd),Cody Martin
313,placed on il with sports hernia,Cody Martin
314,placed on il with sprained left ankle,Cody Williams
315,illness (dtd),Cody Williams
316,mononucleosis (out for season),Cody Williams
317,player not with team,Cody Zeller
318,placed on il with achilles injury,Colby Jones
319,placed on il with bruised right lower leg,Colby Jones
320,illness (dtd),Cole Anthony
321,toe injury (dtd),Cole Anthony
322,toe injury (dtd),Cole Anthony
323,placed on il with toe injury,Cole Anthony
324,placed on il with sprained right ankle,Collin Gillespie
325,placed on il with fractured right ankle,Collin Gillespie
326,placed on il with sprained left ankle,Collin Sexton
327,placed on il with ankle injury,Collin Sexton
328,ankle injury (dtd),Collin Sexton
329,placed on il with ankle injury,Collin Sexton
330,pelvic injury (dtd),Collin Sexton
331,placed on il with sprained left ankle,Corey Kispert
332,placed on il with left thumb injury (out for season),Corey Kispert
333,surgery on left thumb (out for season),Corey Kispert
334,knee injury (dtd),Cory Joseph
335,placed on il with sprained right thumb,Craig Porter Jr.
336,illness (dtd),Craig Porter Jr.
337,placed on il with sprained left ankle,Craig Porter Jr.
338,placed on il with illness,Craig Porter Jr.
339,placed on il with illness,Craig Porter Jr.
340,torn acl in left knee (out for season),Cui Yongxi
341,placed on il with illness,D'Angelo Russell
342,sprained left thumb (dtd),D'Angelo Russell
343,bruised right shin (dtd),D'Angelo Russell
344,placed on il with bruised right shin,D'Angelo Russell
345,bruised right shin (dtd),D'Angelo Russell
346,left hamstring injury (dtd),D'Angelo Russell
347,placed on il with ankle injury,D'Angelo Russell
348,ankle injury (dtd),D'Angelo Russell
349,placed on il with ankle injury,D'Angelo Russell
350,ankle injury (dtd),D'Angelo Russell
351,placed on il with ankle injury,D'Angelo Russell
352,ankle injury (dtd),D'Angelo Russell
353,placed on il with ankle injury,D.J. Carton
354,fractured hand (out indefinitely),DaQuan Jeffries
355,placed on il with thigh injury,DaQuan Jeffries
356,placed on il with illness,DaQuan Jeffries
357,placed on il with knee injury,DaQuan Jeffries
358,placed on il with sprained right ankle,Daishen Nix
359,bruised left hip (dtd),Dalano Banton
360,bruised left hip (dtd),Dalano Banton
361,personal reasons (dtd),Dalano Banton
362,placed on il with bruised right knee,Dalen Terry
363,placed on il with knee injury,Dalen Terry
364,placed on il with calf injury,Dalen Terry
365,placed on il with right calf injury,Dalen Terry
366,placed on il with concussion protocol,Damian Lillard
367,placed on il with strained right calf,Damian Lillard
368,placed on il with sore left groin,Damian Lillard
369,placed on il with hamstring injury,Damian Lillard
370,placed on il with calf injury,Damian Lillard
371,torn left achillles tendon (out for season),Damian Lillard
372,placed on il with hip injury,Damion Baugh
373,placed on il with illness,Daniel Gafford
374,placed on il with sprained left ankle,Daniel Gafford
375,ankle injury (dtd),Daniel Gafford
376,placed on il with sprained mcl in right knee,Daniel Gafford
377,knee injury (dtd),Daniel Gafford
378,neck spasms (dtd),Daniel Theis
379,placed on il for personal reasons,Daniel Theis
380,thumb injury (dtd),Daniel Theis
381,surgery on right wrist (out indefinitely),Dante Exum
382,placed on il recovering from surgery on right wrist (date approximate),Dante Exum
383,achilles injury (dtd),Dante Exum
384,bruised right foot (dtd),Dante Exum
385,placed on il with fractured left hand (out for season),Dante Exum
386,placed on il with sprained left ankle,Dario Saric
387,placed on il with concussion protocol,Dariq Whitehead
388,placed on il with right knee injury,Dariq Whitehead
389,sore left groin (dtd),Darius Garland
390,placed on il with bruised left hip,Darius Garland
391,placed on il with toe injury,Darius Garland
392,placed on il with toe injury,Darius Garland
393,toe injury (dtd),Darius Garland
394,placed on il with strained right shoulder,Davion Mitchell
395,placed on il with illness,Davion Mitchell
396,placed on il with foot injury,Davion Mitchell
397,quadriceps injury (dtd),Davion Mitchell
398,illness (dtd),Davion Mitchell
399,strained left hamstring (dtd),Day'Ron Sharpe
400,placed on il with strained left hamstring (date approximate),Day'Ron Sharpe
401,illness (dtd),Day'Ron Sharpe
402,sprained right knee (dtd),Day'Ron Sharpe
403,surgery on pinkie finger (out for season),De'Aaron Fox
404,placed on il with right knee inflammation,De'Andre Hunter
405,right knee injury (dtd),De'Andre Hunter
406,sore left foot (dtd),De'Andre Hunter
407,placed on il with sore left foot,De'Andre Hunter
408,placed on il with illness,De'Andre Hunter
409,placed on il with illness,De'Andre Hunter
410,placed on il with strained lower back,De'Anthony Melton
411,placed on il with sprained acl in left knee,De'Anthony Melton
412,surgery on left knee to repair acl (out indefinitely),De'Anthony Melton
413,placed on il with back injury,DeMar DeRozan
414,placed on il with lower back injury,DeMar DeRozan
415,placed on il with illness,Dean Wade
416,placed on il with sprained left ankle,Dean Wade
417,placed on il with sore right knee,Dean Wade
418,placed on il with bruised right knee,Dean Wade
419,placed on il with illness,Dean Wade
420,placed on il with right index finger injury,Deandre Ayton
421,illness (dtd),Deandre Ayton
422,sore left calf (dtd),Deandre Ayton
423,placed on il with sore lower back,Deandre Ayton
424,placed on il with sore left knee,Deandre Ayton
425,placed on il with strained left calf (out for season),Deandre Ayton
426,placed on il with surgery on hand,Dejounte Murray
427,surgery on hand (out indefinitely) (date approximate),Dejounte Murray
428,placed on il with finger injury,Dejounte Murray
429,torn right achilles tendon (out for season),Dejounte Murray
430,illness (dtd),Delon Wright
431,sprained right ankle (dtd),Deni Avdija
432,placed on il with sprained right ankle,Deni Avdija
433,quadriceps injury (dtd),Deni Avdija
434,quadriceps injury (dtd),Deni Avdija
435,thumb injury (dtd),Deni Avdija
436,sore right ankle (dtd),Dennis Schröder
437,placed on il for personal reasons,Dennis Schröder
438,ankle injury (dtd),Dennis Schröder
439,sprained right shoulder (dtd),Dereck Lively II
440,placed on il with sprained right shoulder,Dereck Lively II
441,placed on il with hyperextended right knee,Dereck Lively II
442,placed on il with bruised left hip,Dereck Lively II
443,placed on il with sprained right ankle,Dereck Lively II
444,fractured right ankle (out indefinitely),Dereck Lively II
445,ankle injury (out for season),Dereck Lively II
446,placed on il with right hamstring injury,Derrick Jones Jr.
447,placed on il with groin injury,Derrick Jones Jr.
448,placed on il with sprained right foot,Derrick White
449,illness (dtd),Derrick White
450,placed on il with bruised right shin,Derrick White
451,knee injury (dtd),Derrick White
452,left ankle injury (dtd),Derrick White
453,placed on il with sprained neck,Derrick White
454,placed on il with strained right oblique,Desmond Bane
455,placed on il with sore left toe,Desmond Bane
456,placed on il with sprained left ankle,Desmond Bane
457,placed on il with sprained left foot,Desmond Bane
458,placed on il with hip injury,Desmond Bane
459,placed on il with groin injury,Desmond Bane
460,placed on il with sore left groin,Devin Booker
461,placed on il with back injury,Devin Booker
462,placed on il with calf injury (out for season),Devin Booker
463,placed on il with sore right wrist,Devin Carter
464,placed on il with illness,Devin Carter
465,placed on il with bruised right shoulder,Devin Carter
466,surgery on foot (out indefinitely),Devin Vassell
467,placed on il with right foot injury,Devin Vassell
468,placed on il with sore left knee,Devin Vassell
469,placed on il with right foot injury,Devin Vassell
470,back injury (dtd),Devin Vassell
471,ankle injury (dtd),Devin Vassell
472,placed on il with sore right ankle,Dillon Brooks
473,knee injury (dtd),Dillon Brooks
474,placed on il with tightness in lower back,Domantas Sabonis
475,placed on il with illness,Domantas Sabonis
476,placed on il with hamstring injury,Domantas Sabonis
477,placed on il with sprained right ankle,Domantas Sabonis
478,bruised lower back (dtd),Dominick Barlow
479,sprained left knee (dtd),Donovan Clingan
480,sprained left ankle (dtd),Donovan Clingan
481,illness (dtd),Donovan Clingan
482,placed on il with shoulder injury,Donovan Mitchell
483,placed on il with groin injury,Donovan Mitchell
484,placed on il with groin injury,Donovan Mitchell
485,placed on il with sprained left ankle,Donovan Mitchell
486,placed on il with sprained left big toe,Donte DiVincenzo
487,placed on il with sprained left ankle,Dorian Finney-Smith
488,placed on il with sprained left ankle,Dorian Finney-Smith
489,placed on il with sprained left ankle,Dorian Finney-Smith
490,bruised left calf (dtd),Dorian Finney-Smith
491,placed on il with bruised left calf,Dorian Finney-Smith
492,placed on il for personal reasons,Dorian Finney-Smith
493,placed on il with shoulder injury,Dorian Finney-Smith
494,placed on il with ankle injury,Dorian Finney-Smith
495,ankle injury (dtd),Dorian Finney-Smith
496,placed on il with ankle injury,Dorian Finney-Smith
497,placed on il with illness,Doug McDermott
498,elbow injury (dtd),Doug McDermott
499,placed on il with tightness in left calf,Draymond Green
500,sore left ankle (dtd),Draymond Green
501,placed on il with back injury,Draymond Green
502,back injury (dtd),Draymond Green
503,illness (dtd),Draymond Green
504,placed on il with illness,Draymond Green
505,placed on il with strained left calf,Draymond Green
506,placed on il with illness,Drew Eubanks
507,placed on il with ankle injury,Drew Eubanks
508,hip injury (dtd),Drew Eubanks
509,placed on il with concussion protocol,Drew Peterson
510,placed on il with knee injury,Dru Smith
511,torn achilles tendon (out for season),Dru Smith
512,personal reasons (dtd),Duncan Robinson
513,right foot injury (dtd),Duncan Robinson
514,illness (dtd),Duncan Robinson
515,back injury (dtd),Duncan Robinson
516,placed on il with back injury,Duncan Robinson
517,sore back (dtd),Duop Reath
518,knee injury (dtd),Duop Reath
519,placed on il with right hip injury,Dwight Powell
520,placed on il with strained right hip flexor,Dyson Daniels
521,placed on il with illness,Dyson Daniels
522,sore left ankle (dtd),Dyson Daniels
523,placed on il with illness,E.J. Liddell
524,bruised lower back (dtd),Edrice Adebayo / Bam Adebayo
525,bruised left knee (dtd),Edrice Adebayo / Bam Adebayo
526,back injury (dtd),Edrice Adebayo / Bam Adebayo
527,groin injury (dtd),Elijah Harkless
528,surgery on right knee (out indefinitely),Emoni Bates
529,placed on il recovering from surgery on right knee,Emoni Bates
530,illness (dtd),Enrique Freeman
531,placed on il with oral surgery,Eric Gordon
532,knee injury (dtd),Eric Gordon
533,placed on il with sprained right wrist (out for season),Eric Gordon
534,surgery on right wrist (out for season),Eric Gordon
535,illness (dtd),Evan Mobley
536,placed on il with sprained left ankle,Evan Mobley
537,placed on il with strained right calf,Evan Mobley
538,placed on il with foot injury,Evan Mobley
539,placed on il with back injury,Evan Mobley
540,placed on il with torn right oblique muscle,Franz Wagner
541,placed on il with knee injury,Franz Wagner
542,placed on il with sore left hamstring,Fred VanVleet
543,placed on il with bruised right knee,Fred VanVleet
544,placed on il for personal reasons,Fred VanVleet
545,right ankle injury (out indefinitely),Fred VanVleet
546,placed on il with ankle injury,Fred VanVleet
547,ankle injury (dtd),Fred VanVleet
548,placed on il with ankle injury,Fred VanVleet
549,strained left oblique (dtd),Gabe Vincent
550,placed on il with sore left knee,Gabe Vincent
551,placed on il with knee injury,Gabe Vincent
552,back spasms (dtd),Garrett Temple
553,placed on il for personal reasons,Garrett Temple
554,knee injury (dtd),Garrett Temple
555,placed on il with hamstring injury,Gary Harris
556,placed on il with strained left hamstring,Gary Harris
557,placed on il with hamstring injury,Gary Harris
558,bruised left calf (dtd),Gary Payton II
559,placed on il with strained left calf,Gary Payton II
560,foot injury (dtd),Gary Payton II
561,nasal injury (dtd),Gary Payton II
562,knee injury (dtd),Gary Payton II
563,placed on il with left thumb injury,Gary Payton II
564,placed on il with knee injury,Gary Payton II
565,abdominal infection (dtd),Gary Payton II
566,placed on il with back injury,Gary Trent Jr.
567,placed on il with strained left hip flexor,Gary Trent Jr.
568,placed on il with hyperextended right knee,Gary Trent Jr.
569,placed on il with knee injury,Gary Trent Jr.
570,placed on il with illness,Georges Niang
571,placed on il with strained right adductor,Giannis Antetokounmpo
572,knee injury (dtd),Giannis Antetokounmpo
573,placed on il with back spasms,Giannis Antetokounmpo
574,placed on il with illness,Giannis Antetokounmpo
575,placed on il with knee injury,Giannis Antetokounmpo
576,placed on il with strained left calf,Giannis Antetokounmpo
577,placed on il with foot injury,Giannis Antetokounmpo
578,placed on il with shoulder injury,Giannis Antetokounmpo
579,placed on il with shoulder injury,Giannis Antetokounmpo
580,placed on il with sore left foot,Goga Bitadze
581,placed on il with concussion protocol,Goga Bitadze
582,strained left calf (dtd),Gradey Dick
583,placed on il with strained left calf,Gradey Dick
584,placed on il with hamstring injury,Gradey Dick
585,placed on il with illness,Gradey Dick
586,placed on il with right knee injury (out for season),Gradey Dick
587,placed on il with torn acl in right knee (out for season),Grant Williams
588,achilles injury (out indefinitely),Grayson Allen
589,returned to lineup (date approximate),Grayson Allen
590,placed on il for personal reasons,Grayson Allen
591,sore right hamstring (dtd),Grayson Allen
592,placed on il with concussion protocol,Grayson Allen
593,placed on il with knee injury,Grayson Allen
594,placed on il with knee injury,Grayson Allen
595,placed on il with foot injury,Grayson Allen
596,placed on il with sore left foot,Grayson Allen
597,placed on il with surgery on foot,Gregory Jackson II / G.G. Jackson
598,placed on il with eye injury,Gregory Jackson II / G.G. Jackson
599,personal reasons (dtd),Gregory Jackson II / G.G. Jackson
600,right knee injury (dtd),Guerschon Yabusele
601,placed on il with knee injury,Guerschon Yabusele
602,placed on il with eye injury,Guerschon Yabusele
603,sore right knee (dtd),Guerschon Yabusele
604,knee injury (dtd),Guerschon Yabusele
605,knee injury (dtd),Guerschon Yabusele
606,knee injury (dtd),Guerschon Yabusele
607,placed on il for personal reasons,Guerschon Yabusele
608,knee injury (dtd),Guerschon Yabusele
609,knee injury (dtd),Gui Santos
610,surgery on right knee (out indefinitely),Haywood Highsmith
611,placed on il with strained right shoulder,Herbert Jones / Herb Jones (Keyshawn)
612,placed on il with torn labrum in right shoulder,Herbert Jones / Herb Jones (Keyshawn)
613,surgery on right shoulder to repair torn labrum (out for season),Herbert Jones / Herb Jones (Keyshawn)
614,placed on il with ankle injury,Hunter Tyson
615,placed on il with pelvic injury,Immanuel Quickley
616,torn ucl in left elbow (out indefinitely),Immanuel Quickley
617,placed on il with torn ucl in left elbow,Immanuel Quickley
618,placed on il with sore left hip,Immanuel Quickley
619,placed on il with hip injury,Immanuel Quickley
620,illness (dtd),Isaac Jones
621,placed on il with ankle injury,Isaac Okoro
622,bruised left knee (dtd),Isaac Okoro
623,placed on il with sprained right shoulder,Isaac Okoro
624,placed on il with sprained right shoulder,Isaac Okoro
625,placed on il with strained right hamstring,Isaiah Collier
626,hamstring injury (dtd),Isaiah Collier
627,sprained left ankle (dtd),Isaiah Crawford
628,fractured left hand (out indefinitely),Isaiah Hartenstein
629,placed on il with fractured left hand,Isaiah Hartenstein
630,placed on il with strained soleus muscle in left calf,Isaiah Hartenstein
631,placed on il with nasal fracture,Isaiah Hartenstein
632,placed on il with back injury,Isaiah Hartenstein
633,placed on il with achilles injury,Isaiah Hartenstein
634,placed on il with strained right groin,Isaiah Jackson
635,torn right achilles tendon (out for season),Isaiah Jackson
636,placed on il with torn right achilles tendon (out for season),Isaiah Jackson
637,placed on il with bruised left calf,Isaiah Joe
638,placed on il with illness,Isaiah Joe
639,placed on il with sore knee,Isaiah Joe
640,placed on il with back injury,Isaiah Joe
641,knee injury (dtd),Isaiah Joe
642,foot injury (dtd),Isaiah Stevens
643,placed on il with hyperextended left knee,Isaiah Stewart
644,back injury (dtd),Isaiah Stewart
645,placed on il with right knee inflammation,Isaiah Stewart
646,knee injury (dtd),Isaiah Stewart
647,placed on il with foot injury,Isaiah Wong
648,placed on il with corneal abrasion,Ivica Zubac
649,knee injury (dtd),J.T. Thor
650,placed on il with right thigh injury,Ja Morant
651,placed on il with sore right hip,Ja Morant
652,bruised left knee (dtd),Ja Morant
653,placed on il with sore back,Ja Morant
654,placed on il with sore lower back,Ja Morant
655,placed on il with sprained right shoulder,Ja Morant
656,placed on il with sore right foot,Ja Morant
657,placed on il with illness,Ja Morant
658,placed on il with right shoulder injury,Ja Morant
659,placed on il with knee injury,Ja Morant
660,placed on il with shoulder injury,Ja Morant
661,placed on il with shoulder injury,Ja Morant
662,illness (dtd),Ja Morant
663,placed on il with shoulder injury,Ja Morant
664,hip injury (dtd),Ja Morant
665,shoulder injury (out indefinitely),Ja'Kobe Walter
666,placed on il with shoulder injury,Ja'Kobe Walter
667,placed on il with illness,Ja'Kobe Walter
668,placed on il with hip injury / quadriceps injury,Ja'Kobe Walter
669,hip injury (dtd),Ja'Kobe Walter
670,fractured left hand (out indefinitely),Jabari Smith Jr.
671,placed on il with fractured left hand,Jabari Smith Jr.
672,placed on il with groin injury,Jabari Smith Jr.
673,placed on il with groin injury,Jabari Smith Jr.
674,placed on il with concussion protocol,Jabari Walker
675,left elbow inflammation (dtd),Jacob Toppin
676,placed on il with calf injury,Jacob Toppin
677,placed on il with sprained right ankle,Jaden Hardy
678,placed on il with sprained right ankle,Jaden Hardy
679,sprained right ankle (out indefinitely),Jaden Hardy
680,ankle injury (dtd),Jaden Hardy
681,placed on il with sprained right toe,Jaden Ivey
682,left knee injury (dtd),Jaden Ivey
683,fractured fibula in left leg (out for season),Jaden Ivey
684,placed on il with fractured fibula in left leg (out for season),Jaden Ivey
685,placed on il with left knee injury,Jaden Springer
686,back injury (dtd),Jaden Springer
687,back injury (dtd),Jaden Springer
688,placed on il with back injury,Jaden Springer
689,placed on il with sore lower back,Jae Crowder
690,placed on il with sore lower back,Jae Crowder
691,illness (dtd),Jae'Sean Tate
692,back spasms (dtd),Jae'Sean Tate
693,ankle injury (dtd),Jae'Sean Tate
694,gastroenteritis (dtd),Jaime Jaquez Jr.
695,sprained right ankle (dtd),Jaime Jaquez Jr.
696,illness (dtd),Jaime Jaquez Jr.
697,illness (dtd),Jaime Jaquez Jr.
698,ankle injury (dtd),Jaime Jaquez Jr.
699,placed on il with ankle injury,Jaime Jaquez Jr.
700,sprained right ankle (dtd),Jake LaRavia
701,placed on il with back injury,Jake LaRavia
702,placed on il with knee injury,Jake LaRavia
703,placed on il with illness,Jake LaRavia
704,thumb injury (out indefinitely),Jake LaRavia
705,placed on il with illness,Jakob Poeltl
706,placed on il with groin injury,Jakob Poeltl
707,placed on il with hip pointer,Jakob Poeltl
708,hand injury (dtd),Jakob Poeltl
709,tightness in right calf (dtd),Jalen Brunson
710,placed on il with sprained right ankle,Jalen Brunson
711,placed on il with ankle injury,Jalen Brunson
712,placed on il with ankle injury,Jalen Duren
713,placed on il with sprained right wrist,Jalen Duren
714,placed on il with leg injury,Jalen Duren
715,illness (dtd),Jalen Hood-Schifino
716,left groin injury (dtd),Jalen Hood-Schifino
717,placed on il with sore left groin,Jalen Hood-Schifino
718,strained left hamstring (dtd),Jalen Hood-Schifino
719,placed on il with illness,Jalen Hood-Schifino
720,lower leg injury (dtd),Jalen Johnson
721,sore right shoulder (dtd),Jalen Johnson
722,sore right shoulder (dtd),Jalen Johnson
723,sore right shoulder (dtd),Jalen Johnson
724,placed on il with right shoulder inflammation,Jalen Johnson
725,placed on il with torn labrum in left shoulder (out for season),Jalen Johnson
726,sore left knee (dtd),Jalen Smith
727,placed on il with illness,Jalen Smith
728,placed on il with sprained left ankle,Jalen Smith
729,placed on il with sore left ankle,Jalen Smith
730,placed on il with illness,Jalen Smith
731,placed on il with concussion,Jalen Smith
732,placed on il with sore left hamstring,Jalen Suggs
733,sprained right ankle (dtd),Jalen Suggs
734,placed on il with strained lower back,Jalen Suggs
735,quadriceps injury (dtd),Jalen Suggs
736,left knee injury (dtd),Jalen Suggs
737,surgery on left knee (out indefinitely),Jalen Suggs
738,placed on il with right hip injury,Jalen Williams
739,wrist injury (dtd),Jalen Williams
740,wrist injury (dtd),Jalen Williams
741,placed on il with hip injury,Jalen Williams
742,placed on il with hip injury,Jalen Williams
743,tightness in right calf (dtd),Jalen Wilson
744,placed on il with ankle injury,Jalen Wilson
745,placed on il with sprained right ankle,Jamal Cain
746,placed on il with illness,Jamal Cain
747,placed on il with illness,Jamal Cain
748,placed on il with concussion protocol,Jamal Murray
749,placed on il with right hamstring injury,Jamal Murray
750,placed on il with sprained right ankle,Jamal Murray
751,placed on il with knee injury,Jamal Murray
752,placed on il with ankle injury,Jamal Murray
753,placed on il with hamstring injury,Jamal Murray
754,bruised right knee (dtd),Jamal Shead
755,placed on il with bruised right knee,Jamal Shead
756,placed on il with illness,Jamal Shead
757,placed on il with sore right groin,James Harden
758,placed on il with sore right groin,James Harden
759,placed on il with sore right groin,James Harden
760,placed on il with torn achilles tendon,James Wiseman
761,sprained left ankle (dtd),Jamison Battle
762,placed on il with nasal fracture,Jamison Battle
763,placed on il with sore lower back,Jarace Walker
764,ankle injury (out for season),Jarace Walker
765,surgery on left knee (out indefinitely),Jared McCain
766,placed on il with hand injury,Jared Rhoden
767,shoulder injury (out for season),Jared Rhoden
768,placed on il with hamstring injury,Jaren Jackson Jr.
769,placed on il with sprained left ankle,Jaren Jackson Jr.
770,placed on il with back injury,Jaren Jackson Jr.
771,placed on il with right foot injury,Jarred Vanderbilt
772,groin injury (dtd),Jarred Vanderbilt
773,sore left ankle (dtd),Javonte Green
774,placed on il with ankle injury,Jaxson Hayes
775,placed on il with bruised ankle,Jaxson Hayes
776,placed on il with knee injury,Jaxson Hayes
777,placed on il with sprained left ankle,Jay Huff
778,placed on il with strained left hip flexor,Jaylen Brown
779,placed on il with illness,Jaylen Brown
780,strained right shoulder (dtd),Jaylen Brown
781,placed on il with strained right shoulder,Jaylen Brown
782,right knee injury (dtd),Jaylen Brown
783,placed on il with bruised left thigh,Jaylen Brown
784,placed on il with right knee injury,Jaylen Brown
785,knee injury (dtd),Jaylen Brown
786,placed on il with back / knee injury,Jaylen Brown
787,knee injury (dtd),Jaylen Brown
788,knee injury (dtd),Jaylen Brown
789,placed on il with knee injury,Jaylen Brown
790,fractured wrist (out indefinitely),Jaylen Wells
791,various injuries (out for season),Jaylen Wells
792,placed on il with strained right hamstring,Jaylin Williams (Michael)
793,hip injury (dtd),Jaylin Williams (Michael)
794,ankle injury (dtd),Jaylin Williams (Michael)
795,placed on il with ankle injury,Jaylin Williams (Michael)
796,ankle injury (dtd),Jaylin Williams (Michael)
797,placed on il with left hip injury,Jaylon Tyson
798,placed on il with illness,Jaylon Tyson
799,placed on il with knee injury,Jaylon Tyson
800,placed on il with right knee injury,Jayson Tatum
801,right knee injury (dtd),Jayson Tatum
802,illness (dtd),Jayson Tatum
803,placed on il with shoulder injury,Jayson Tatum
804,knee injury (dtd),Jayson Tatum
805,knee injury (dtd),Jayson Tatum
806,ankle injury (dtd),Jayson Tatum
807,ankle injury (dtd),Jayson Tatum
808,placed on il with sprained left ankle,Jayson Tatum
809,wrist injury (dtd),Jayson Tatum
810,torn right achilles tendon (out for season),Jayson Tatum
811,surgery to repair torn right achilles tendon (out for season),Jayson Tatum
812,knee injury (dtd),Jerami Grant
813,placed on il with facial injury,Jerami Grant
814,placed on il with right ankle injury,Jerami Grant
815,sore right knee (dtd),Jerami Grant
816,knee injury (dtd),Jerami Grant
817,knee injury (dtd),Jerami Grant
818,illness (dtd),Jeremiah Robinson-Earl
819,sprained left ankle (dtd),Jeremiah Robinson-Earl
820,surgery on left thumb to repair fracture (out indefinitely),Jeremy Sochan
821,placed on il recovering from surgery on left thumb to repair fracture,Jeremy Sochan
822,placed on il with lower back injury,Jeremy Sochan
823,placed on il with tightness in back,Jeremy Sochan
824,placed on il with bruised left calf,Jeremy Sochan
825,lower back spasms (dtd),Jeremy Sochan
826,placed on il with lower back spasms,Jericho Sims
827,placed on il with surgery on right thumb,Jericho Sims
828,placed on il with sprained left ankle,Jett Howard
829,placed on il with illness,Jevon Carter
830,placed on il with shoulder injury,Jevon Carter
831,sprained right ankle (dtd),Jimmy Butler
832,sore right knee (dtd),Jimmy Butler
833,stomach illness (dtd),Jimmy Butler
834,back injury (dtd),Jimmy Butler
835,bruised pelvis (dtd),Jimmy Butler
836,personal reasons (dtd),Jock Landale
837,placed on il for personal reasons,Jock Landale
838,illness (dtd),Jock Landale
839,knee injury (dtd),Jock Landale
840,knee injury (out for season),Jock Landale
841,placed on il with strained left calf,Joe Ingles
842,knee injury (dtd),Joel Embiid
843,sore knee (dtd),Joel Embiid
844,placed on il with sore knee,Joel Embiid
845,placed on il with sinus fracture,Joel Embiid
846,sprained left foot (dtd),Joel Embiid
847,placed on il with various injuries,Joel Embiid
848,placed on il with knee injury,Joel Embiid
849,left knee injury (out for season),Joel Embiid
850,arthroscopic surgery on left knee (out for season),Joel Embiid
851,placed on il with bruised left knee,John Collins (Martin)
852,placed on il with bruised right hip,John Collins (Martin)
853,placed on il for personal reasons,John Collins (Martin)
854,placed on il with illness,John Collins (Martin)
855,placed on il with back injury,John Collins (Martin)
856,placed on il with back injury,John Collins (Martin)
857,sprained left ankle (out indefinitely),John Collins (Martin)
858,placed on il with sore right foot,John Konchar
859,bruised right quadriceps (dtd),John Konchar
860,placed on il with bruised right quadriceps,John Konchar
861,placed on il with illness,John Konchar
862,sore left shoulder (dtd),John Konchar
863,placed on il with illness,John Konchar
864,placed on il with illness,Johnny Davis (Christian)
865,placed on il with illness,Johnny Furphy
866,sprained left ankle (dtd),Johnny Furphy
867,placed on il with illness,Johnny Furphy
868,placed on il with sprained right thumb,Johnny Juzang
869,placed on il with fractured right hand,Johnny Juzang
870,placed on il with hip injury,Jonathan Isaac
871,sore right hamstring (dtd),Jonathan Isaac
872,tightness in lower back (dtd),Jonathan Isaac
873,illness (dtd),Jonathan Isaac
874,illness (dtd),Jonathan Isaac
875,illness (dtd),Jonathan Kuminga
876,placed on il with sprained right ankle,Jonathan Kuminga
877,placed on il with pelvic injury,Jonathan Kuminga
878,illness (dtd),Jonathan Kuminga
879,placed on il with nasal fracture,Jonathan Mogbo
880,placed on il with plantar fasciitis in left foot,Jordan Clarkson
881,placed on il with plantar fasciitis in left foot,Jordan Clarkson
882,placed on il with foot injury,Jordan Clarkson
883,placed on il with plantar fasciitis in left foot,Jordan Clarkson
884,placed on il with plantar fasciitis left in foot,Jordan Clarkson
885,placed on il with foot injury,Jordan Clarkson
886,placed on il with foot injury,Jordan Clarkson
887,placed on il with foot injury,Jordan Clarkson
888,placed on il with plantar fasciitis in left foot,Jordan Clarkson
889,left foot injury (dtd),Jordan Clarkson
890,placed on il with surgery on left foot (out for season),Jordan Clarkson
891,placed on il with ankle injury,Jordan Goodwin
892,placed on il with tightness in lower back,Jordan Hawkins
893,tightness in lower back (dtd),Jordan Hawkins
894,placed on il with strained lower back,Jordan Hawkins
895,sore lower back (dtd),Jordan Hawkins
896,placed on il with lumbar spine injury,Jordan Hawkins
897,illness (dtd),Jordan Hawkins
898,back injury (dtd),Jordan Hawkins
899,placed on il for personal reasons,Jordan McLaughlin
900,achilles injury (dtd),Jordan McLaughlin
901,illness (dtd),Jordan Miller
902,placed on il with illness,Jordan Miller
903,placed on il with hamstring / hip injury,Jordan Miller
904,placed on il with sore left hip,Jordan Poole
905,placed on il with bruised left hip,Jordan Poole
906,placed on il with bruised left hip,Jordan Poole
907,placed on il with hyperextended right elbow,Jordan Poole
908,placed on il with elbow injury,Jordan Poole
909,bruised right elbow (dtd),Jordan Poole
910,illness (dtd),Jordan Walsh
911,placed on il with strained hamstring,Jose Alvarado
912,illness (dtd),Jose Alvarado
913,calf injury (dtd),Jose Alvarado
914,calf injury (dtd),Jose Alvarado
915,placed on il with sprained right ankle,Josh Giddey
916,placed on il with quadriceps injury,Josh Giddey
917,placed on il with sprained right ankle,Josh Giddey
918,placed on il with ankle injury,Josh Giddey
919,placed on il with forearm injury,Josh Giddey
920,forearm injury (out for season),Josh Giddey
921,placed on il with forearm injury (out for season),Josh Giddey
922,placed on il with sore achilles,Josh Green
923,placed on il with sore achilles,Josh Green
924,placed on il with foot injury,Josh Green
925,placed on il with calf injury,Josh Green
926,placed on il with illness,Josh Green
927,placed on il with shoulder injury,Josh Green
928,shoulder injury (dtd),Josh Green
929,placed on il for personal reasons,Josh Hart
930,placed on il with knee injury,Josh Hart
931,placed on il with knee injury,Josh Hart
932,placed on il with knee injury,Josh Hart
933,placed on il with illness,Josh Minott
934,hamstring injury (dtd),Josh Okogie
935,placed on il with strained left hamstring,Josh Okogie
936,placed on il with hamstring injury,Josh Okogie
937,left heel injury (dtd),Josh Richardson
938,strained left calf (dtd),Josh Richardson
939,illness (dtd),Josh Richardson
940,placed on il with heel injury,Josh Richardson
941,right heel injury (dtd),Josh Richardson
942,left knee injury (dtd),Jrue Holiday
943,placed on il with left knee injury,Jrue Holiday
944,placed on il with right shoulder impingement,Jrue Holiday
945,right shoulder impingement (dtd),Jrue Holiday
946,right shoulder impingement (dtd),Jrue Holiday
947,placed on il with finger injury,Jrue Holiday
948,placed on il with shoulder injury,Jrue Holiday
949,placed on il with shoulder injury,Jrue Holiday
950,placed on il with shoulder injury,Jrue Holiday
951,shoulder injury (dtd),Jrue Holiday
952,hamstring injury (dtd),Jrue Holiday
953,placed on il with illness,Julian Phillips
954,placed on il with bruised right quadriceps,Julian Phillips
955,sprained left knee (out indefinitely),Julian Strawther
956,placed on il with strained right groin,Julius Randle
957,placed on il with rib injury,Justin Champagnie
958,placed on il with sprained left ankle,Justin Edwards
959,ankle injury (dtd),Justin Edwards
960,ankle injury (dtd),Justin Edwards
961,rib injury (dtd),Justin Edwards
962,placed on il with sore left ankle,Jusuf Nurkic
963,placed on il with sprained left ankle,Jusuf Nurkic
964,placed on il with bruised right quadriceps,Jusuf Nurkic
965,placed on il with illness,Jusuf Nurkic
966,placed on il with illness,Jusuf Nurkic
967,placed on il with sore neck,Jusuf Nurkic
968,placed on il with strained left quadriceps,Kai Jones
969,knee injury (dtd),Karl-Anthony Towns
970,right knee injury (dtd),Karl-Anthony Towns
971,patellar injury in right knee (dtd),Karl-Anthony Towns
972,placed on il with thumb injury,Karl-Anthony Towns
973,knee injury (dtd),Karl-Anthony Towns
974,placed on il for personal reasons,Karl-Anthony Towns
975,sore left knee (dtd),Karl-Anthony Towns
976,placed on il with knee injury,Karl-Anthony Towns
977,placed on il with sore lower back,Karlo Matkovic
978,sore left hamstring (dtd),Karlo Matkovic
979,knee injury (dtd),Kawhi Leonard
980,placed on il with knee injury (date approximate),Kawhi Leonard
981,placed on il for personal reasons,Kawhi Leonard
982,placed on il with right knee injury,Kawhi Leonard
983,placed on il with right knee injury,Kawhi Leonard
984,placed on il with foot injury,Kawhi Leonard
985,placed on il with knee injury,Kawhi Leonard
986,placed on il with sprained right shoulder,Keaton Wallace
987,placed on il with sore left ankle,Keegan Murray
988,placed on il with sore left ankle,Keegan Murray
989,placed on il with back injury,Keegan Murray
990,stomach illness (dtd),Kel'el Ware
991,placed on il with right foot injury,Kel'el Ware
992,placed on il with sprained right knee,Kel'el Ware
993,placed on il with tightness in right hamstring,Keldon Johnson
994,placed on il with strained left calf,Keldon Johnson
995,back injury (dtd),Keldon Johnson
996,placed on il with ankle injury,Keldon Johnson
997,placed on il with back injury,Kelly Olynyk
998,lumbar strain (out indefinitely),Kelly Olynyk
999,calf injury (dtd),Kelly Olynyk
1000,placed on il with calf injury,Kelly Olynyk
1001,placed on il for personal reasons,Kelly Olynyk
1002,achilles injury (dtd),Kelly Olynyk
1003,sprained left hand (dtd),Kelly Oubre Jr.
1004,placed on il with sprained left hand,Kelly Oubre Jr.
1005,illness (dtd),Kelly Oubre Jr.
1006,ankle injury (dtd),Kelly Oubre Jr.
1007,knee injury (dtd),Kelly Oubre Jr.
1008,placed on il with surgery on right knee,Kenrich Williams
1009,placed on il for personal reasons,Kentavious Caldwell-Pope
1010,sore right knee (dtd),Kentavious Caldwell-Pope
1011,knee injury (dtd),Kentavious Caldwell-Pope
1012,placed on il with left foot injury,Kenyon Martin Jr. / K.J. Martin
1013,elbow injury (dtd),Kenyon Martin Jr. / K.J. Martin
1014,placed on il with elbow injury,Kenyon Martin Jr. / K.J. Martin
1015,illness (dtd),Kenyon Martin Jr. / K.J. Martin
1016,left shoulder inflammation (dtd),Keshad Johnson
1017,placed on il with strained left calf,Kevin Durant
1018,ankle injury (out indefinitely),Kevin Durant
1019,placed on il with sprained ankle,Kevin Durant
1020,ankle injury (dtd),Kevin Durant
1021,shoulder injury (out indefinitely),Kevin Huerter
1022,placed on il with illness,Kevin Huerter
1023,placed on il with sprained right ankle,Kevin Huerter
1024,placed on il with sprained left shoulder,Kevin Huerter
1025,knee injury (dtd),Kevin Huerter
1026,placed on il with knee injury,Kevin Huerter
1027,placed on il with sprained right thumb,Kevin Huerter
1028,placed on il with cervical strain,Kevin Huerter
1029,personal reasons (dtd),Kevin Love
1030,placed on il with back spasms,Kevin Love
1031,back spasms (dtd),Kevin Love
1032,placed on il for personal reasons,Kevin Love
1033,personal reasons (dtd),Kevin Love
1034,personal reasons (dtd),Kevin Love
1035,personal reasons (dtd),Kevin Love
1036,placed on il with knee injury,Kevin McCullar Jr.
1037,placed on il with sprained left ankle,Kevin Porter Jr.
1038,placed on il with illness,Kevin Porter Jr.
1039,placed on il with wrist injury,Kevin Porter Jr.
1040,placed on il with illness,Kevon Looney
1041,placed on il with sore left foot,Keyonte George
1042,placed on il with sprained left ankle,Keyonte George
1043,heel injury (dtd),Keyonte George
1044,placed on il with heel injury,Keyonte George
1045,illness (dtd),Keyonte George
1046,placed on il with foot injury,Keyonte George
1047,placed on il recovering from surgery on both ankles,Khris Middleton
1048,placed on il with ankle injury,Khris Middleton
1049,placed on il with ankle injury,Khris Middleton
1050,placed on il with ankle injury,Khris Middleton
1051,placed on il with ankle injury,Khris Middleton
1052,placed on il with ankle injury,Khris Middleton
1053,placed on il with ankle injury,Khris Middleton
1054,placed on il with ankle injury,Khris Middleton
1055,placed on il with ankle injury,Khris Middleton
1056,knee injury (dtd),Khris Middleton
1057,placed on il with plantar fasciitis in left foot,Klay Thompson
1058,placed on il with illness,Klay Thompson
1059,sprained left ankle (dtd),Klay Thompson
1060,placed on il with sprained left ankle,Klay Thompson
1061,sprained left foot (dtd),Klay Thompson
1062,illness (dtd),Klay Thompson
1063,placed on il with foot injury (out for season),Klay Thompson
1064,placed on il with sore back,Kobe Brown
1065,placed on il with right shoulder subluxation,Kobe Bufkin
1066,surgery on right shoulder (out for season),Kobe Bufkin
1067,placed on il with sore left knee,Kris Dunn
1068,knee injury (dtd),Kris Dunn
1069,bruised sternum (dtd),Kris Murray
1070,bruised chest (dtd),Kris Murray
1071,bruised left quadriceps (dtd),Kris Murray
1072,surgery on foot (out indefinitely),Kristaps Porzingis
1073,placed on il recovering from surgery on foot (date approximate),Kristaps Porzingis
1074,left leg injury (dtd),Kristaps Porzingis
1075,placed on il with lower leg injury,Kristaps Porzingis
1076,placed on il with ankle injury,Kristaps Porzingis
1077,left leg injury (dtd),Kristaps Porzingis
1078,illness (dtd),Kristaps Porzingis
1079,illness (dtd),Kristaps Porzingis
1080,illness (dtd),Kristaps Porzingis
1081,placed on il with illness,Kristaps Porzingis
1082,illness (dtd),Kristaps Porzingis
1083,illness (dtd),Kristaps Porzingis
1084,placed on il with illness,Kristaps Porzingis
1085,neck spasms (dtd),Kyle Anderson
1086,placed on il with hamstring injury,Kyle Anderson
1087,placed on il with sprained right ankle,Kyle Filipowski
1088,placed on il with groin injury,Kyle Kuzma
1089,placed on il with rib injury,Kyle Kuzma
1090,placed on il with right hip injury,Kyle Lowry
1091,lower back spasms (dtd),Kyle Lowry
1092,sore right hip (dtd),Kyle Lowry
1093,placed on il with sore right hip,Kyle Lowry
1094,hip injury (dtd),Kyle Lowry
1095,placed on il with right hip injury,Kyle Lowry
1096,placed on il with hip injury,Kyle Lowry
1097,hip injury (dtd),Kyle Lowry
1098,placed on il with strained right shoulder,Kyrie Irving
1099,placed on il with sore right shoulder,Kyrie Irving
1100,placed on il with sore right shoulder,Kyrie Irving
1101,placed on il with sore right shoulder,Kyrie Irving
1102,placed on il with illness,Kyrie Irving
1103,placed on il with lumbar sprain,Kyrie Irving
1104,placed on il with back injury,Kyrie Irving
1105,placed on il with shoulder injury,Kyrie Irving
1106,shoulder injury (dtd),Kyrie Irving
1107,placed on il with torn acl in left knee (out for season),Kyrie Irving
1108,placed on il with sprained left ankle,Kyshawn George
1109,ankle injury (dtd),Kyshawn George
1110,placed on il with knee injury,Kyshawn George
1111,sprained left ankle (dtd),Kyshawn George
1112,placed on il with sprained left ankle,Kyshawn George
1113,placed on il with strained left calf,LaMelo Ball
1114,placed on il with various injuries,LaMelo Ball
1115,placed on il with wrist injury,LaMelo Ball
1116,placed on il with sprained left ankle,LaMelo Ball
1117,placed on il with ankle injury,LaMelo Ball
1118,placed on il with ankle injury,LaMelo Ball
1119,placed on il with ankle injury,LaMelo Ball
1120,placed on il with ankle injury,LaMelo Ball
1121,placed on il with ankle injury,LaMelo Ball
1122,placed on il with wrist injury,LaMelo Ball
1123,placed on il with ankle injury (out for season),LaMelo Ball
1124,placed on il with various injuries (out for season),LaMelo Ball
1125,placed on il with shoulder injury,Lamar Stevens
1126,dislocated right shoulder (out indefinitely),Landry Shamet
1127,placed on il with fractured fourth metacarpal bone in right hand,Larry Nance Jr.
1128,surgery on right hand to repair fractured fourth metacarpal bone (out indefinitely),Larry Nance Jr.
1129,placed on il with right hand injury,Larry Nance Jr.
1130,placed on il with right knee injury (out for season),Larry Nance Jr.
1131,placed on il with lower back spasms,Lauri Markkanen
1132,placed on il for personal reasons,Lauri Markkanen
1133,back injury (dtd),Lauri Markkanen
1134,placed on il with lower back spasms,Lauri Markkanen
1135,placed on il with lower back injury,Lauri Markkanen
1136,placed on il with lower back injury,Lauri Markkanen
1137,placed on il with back injury,Lauri Markkanen
1138,placed on il for personal reasons,Lauri Markkanen
1139,placed on il with illness,Lauri Markkanen
1140,knee injury (out indefinitely),Lauri Markkanen
1141,placed on il with sore left foot,LeBron James
1142,placed on il with illness,LeBron James
1143,placed on il with ankle injury,LeBron James
1144,placed on il with strained groin,LeBron James
1145,placed on il with groin injury,LeBron James
1146,placed on il with illness,Leonard Miller
1147,placed on il with sore left heel,Liam Robbins
1148,placed on il with groin injury,Liam Robbins
1149,placed on il with concussion,Lonnie Walker IV
1150,placed on il with concussion,Lonnie Walker IV
1151,placed on il with left knee injury,Lonzo Ball
1152,placed on il with sprained right wrist,Lonzo Ball
1153,placed on il with left knee injury,Lonzo Ball
1154,placed on il with illness,Lonzo Ball
1155,various injuries (dtd),Lonzo Ball
1156,placed on il with knee injury,Lonzo Ball
1157,placed on il with illness,Lonzo Ball
1158,wrist injury (out for season),Lonzo Ball
1159,placed on il with wrist injury (out for season),Lonzo Ball
1160,placed on il with sprained right ankle,Luguentz Dort
1161,placed on il with right knee injury,Luguentz Dort
1162,placed on il with back spasms,Luguentz Dort
1163,placed on il with knee injury,Luguentz Dort
1164,placed on il with hip injury,Luguentz Dort
1165,placed on il with knee injury,Luguentz Dort
1166,placed on il with bruised right knee,Luka Doncic
1167,placed on il with right wrist injury,Luka Doncic
1168,placed on il with bruised left heel,Luka Doncic
1169,placed on il with strained left calf,Luka Doncic
1170,placed on il with sprained right ankle,Luka Doncic
1171,placed on il with ankle injury,Luka Doncic
1172,placed on il with quadriceps injury,Luka Doncic
1173,player declined contract option,Luka Doncic
1174,placed on il with sprained left ankle,Luka Garza
1175,placed on il with foot injury,Luke Kennard
1176,placed on il with illness,Luke Kennard
1177,sore right hamstring (dtd),Luke Kennard
1178,placed on il with back injury,Luke Kennard
1179,placed on il with knee injury,Luke Kennard
1180,hamstring injury (dtd),Luke Kornet
1181,placed on il with tightness in right hamstring,Luke Kornet
1182,placed on il for personal reasons,Luke Kornet
1183,illness (dtd),Luke Kornet
1184,placed on il with sprained right ankle,Malaki Branham
1185,right thumb injury (out indefinitely),Malcolm Brogdon
1186,surgery on right thumb to repair torn ligament (out indefinitely),Malcolm Brogdon
1187,placed on il recovering from surgery on right thumb to repair torn ligament,Malcolm Brogdon
1188,left hamstring injury (dtd),Malcolm Brogdon
1189,placed on il with left hamstring injury,Malcolm Brogdon
1190,placed on il with right foot injury,Malcolm Brogdon
1191,right foot injury (dtd),Malcolm Brogdon
1192,sprained left ankle (out indefinitely),Malcolm Brogdon
1193,placed on il with sprained right ankle,Malik Monk
1194,placed on il with sore right groin,Malik Monk
1195,placed on il with sore right toe,Malik Monk
1196,illness (dtd),Malik Monk
1197,strained left calf (out indefinitely),Malik Monk
1198,strained left calf (out indefinitely),Malik Monk
1199,placed on il with illness,MarJon Beauchamp
1200,placed on il with neck spasms,MarJon Beauchamp
1201,placed on il with illness,MarJon Beauchamp
1202,back injury (dtd),Marcus Garrett
1203,sprained right ankle (dtd),Marcus Smart
1204,placed on il with illness,Marcus Smart
1205,placed on il with sore left shoulder,Marcus Smart
1206,placed on il with right index finger injury,Marcus Smart
1207,finger injury (dtd),Marcus Smart
1208,illness (dtd),Marcus Smart
1209,placed on il with illness,Marcus Smart
1210,placed on il with finger injury,Marcus Smart
1211,placed on il with finger injury,Marcus Smart
1212,placed on il with illness,Marcus Smart
1213,placed on il with right index finger injury,Marcus Smart
1214,placed on il with foot injury,Mark Williams
1215,left foot injury (dtd),Mark Williams
1216,placed on il with foot injury,Mark Williams
1217,placed on il with right foot injury,Mark Williams
1218,placed on il with left foot injury,Mark Williams
1219,placed on il with left foot injury,Mark Williams
1220,placed on il with left foot injury,Mark Williams
1221,placed on il with back injury,Mark Williams
1222,placed on il with foot injury (out for season),Mark Williams
1223,placed on il with illness,Markieff Morris
1224,placed on il with illness,Markieff Morris
1225,illness (dtd),Marvin Bagley III
1226,sprained right knee (dtd),Marvin Bagley III
1227,placed on il with sprained right knee,Marvin Bagley III
1228,placed on il with concussion protocol,Marvin Bagley III
1229,placed on il with quadriceps injury,Mason Plumlee
1230,placed on il with illness,Matas Buzelis
1231,surgery on right knee (out indefinitely),Matisse Thybulle
1232,sprained right ankle / various injuries (dtd),Matisse Thybulle
1233,placed on il with sprained ankle,Max Strus
1234,placed on il with right ankle injury,Max Strus
1235,placed on il with ankle injury,Max Strus
1236,placed on il with strained right hamstring,Maximilian Kleber / Maxi Kleber
1237,placed on il with illness,Maximilian Kleber / Maxi Kleber
1238,placed on il with fractured rib,Maximilian Kleber / Maxi Kleber
1239,fractured right foot (out indefinitely),Maximilian Kleber / Maxi Kleber
1240,placed on il with fractured right foot,Maximilian Kleber / Maxi Kleber
1241,surgery on right foot to repair fracture (out indefinitely),Maximilian Kleber / Maxi Kleber
1242,placed on il with fractured tibia in left leg,Maxwell Lewis
1243,placed on il with illness,Micah Potter
1244,placed on il with illness,Micah Potter
1245,placed on il with illness,Micah Potter
1246,placed on il with hamstring injury,Michael Porter Jr.
1247,placed on il for personal reasons,Michael Porter Jr.
1248,placed on il with sprained left toe,Mike Conley Jr.
1249,placed on il with sprained right thumb,Mike Conley Jr.
1250,finger injury (dtd),Mike Conley Jr.
1251,placed on il with finger injury,Mike Conley Jr.
1252,placed on il with bruised right knee,Miles Bridges
1253,bruised right knee (dtd),Miles Bridges
1254,placed on il with back injury,Miles Bridges
1255,hip injury (dtd),Miles Bridges
1256,illness (dtd),Miles McBride
1257,tightness in hamstring (dtd),Miles McBride
1258,placed on il with groin injury,Miles McBride
1259,surgery on left ankle (out indefinitely),Mitchell Robinson
1260,placed on il with surgery on left ankle (date approximate),Mitchell Robinson
1261,ankle injury (dtd),Mitchell Robinson
1262,placed on il with ankle injury,Mitchell Robinson
1263,placed on il with ankle injury,Mitchell Robinson
1264,placed on il with ankle injury,Mitchell Robinson
1265,placed on il with knee injury,Mohamed Bamba / Mo Bamba
1266,placed on il with left knee injury,Mohamed Bamba / Mo Bamba
1267,placed on il with back injury,Monte Morris
1268,placed on il with back injury,Monte Morris
1269,placed on il with torn acl in knee (out for season),Moritz Wagner / Moe Wagner
1270,placed on il with patellar injury in left knee,Moses Moody
1271,left knee injury (dtd),Moses Moody
1272,patellar injury in left knee (dtd),Moses Moody
1273,placed on il with strained lower back,Moses Moody
1274,surgery on right thumb to repair torn ucl (out indefinitely),Moses Moody
1275,placed on il with illness,Moussa Diabate
1276,placed on il with eye injury,Moussa Diabate
1277,placed on il with illness,Moussa Diabate
1278,sprained left ankle (dtd),Myles Turner
1279,sore right calf (dtd),Myles Turner
1280,illness (dtd),Myles Turner
1281,right peroneal injury (dtd),Myles Turner
1282,placed on il with strained neck,Myles Turner
1283,placed on il with bruised left hip,Myles Turner
1284,placed on il with illness,Myles Turner
1285,placed on il with illness,Naji Marshall
1286,illness (dtd),Naji Marshall
1287,placed on il with illness,Naji Marshall
1288,placed on il with illness,Naz Reid
1289,sore right shoulder (dtd),Nick Richards
1290,placed on il with bruised ribs,Nick Richards
1291,placed on il with sprained right ankle,Nick Richards
1292,placed on il with sore right ankle,Nick Richards
1293,placed on il with calf injury,Nick Richards
1294,placed on il with elbow injury (out for season),Nick Richards
1295,back injury (dtd),Nick Smith Jr.
1296,placed on il with ankle injury,Nick Smith Jr.
1297,groin injury (dtd),Nick Smith Jr.
1298,placed on il with right finger injury,Nicolas Batum
1299,placed on il with illness,Nicolas Batum
1300,placed on il with groin injury,Nicolas Batum
1301,placed on il with left hamstring injury,Nicolas Claxton / Nic Claxton
1302,placed on il with strained lower back,Nicolas Claxton / Nic Claxton
1303,placed on il with sore lower back,Nicolas Claxton / Nic Claxton
1304,placed on il with tightness in right hamstring,Nicolas Claxton / Nic Claxton
1305,placed on il for personal reasons,Nikola Jokic
1306,placed on il with illness,Nikola Jokic
1307,placed on il with right elbow inflammation,Nikola Jokic
1308,placed on il with various injuries,Nikola Jokic
1309,ankle injury (dtd),Nikola Jokic
1310,sprained left ankle (dtd),Nikola Jovic
1311,sprained left ankle (dtd),Nikola Jovic
1312,placed on il with fractured right hand,Nikola Jovic
1313,placed on il with illness,Nikola Vucevic
1314,tightness in right calf (dtd),Nikola Vucevic
1315,placed on il with tightness in right calf,Nikola Vucevic
1316,placed on il with calf injury,Nikola Vucevic
1317,placed on il with sore right hip,Noah Clowney
1318,placed on il with sprained left ankle,Noah Clowney
1319,bruised left hip (dtd),Noah Clowney
1320,sprained left ankle (out indefinitely),Noah Clowney
1321,placed on il with sprained left ankle,Noah Clowney
1322,ankle injury (dtd),Noah Clowney
1323,placed on il with various injuries,Noah Clowney
1324,ankle injury (out for season),Noah Clowney
1325,placed on il with strained left hamstring,Norman Powell
1326,placed on il with left hamstring injury,Norman Powell
1327,placed on il with sore back,Norman Powell
1328,sore right hip (dtd),Norman Powell
1329,placed on il with knee injury,Norman Powell
1330,placed on il with strained right hamstring,Norman Powell
1331,placed on il with shoulder injury,Norman Powell
1332,sprained left ankle (dtd),Obi Toppin
1333,placed on il with ankle injury,Obi Toppin
1334,placed on il with bruised lower back,Ochai Agbaji
1335,placed on il with laceration on right hand,Ochai Agbaji
1336,placed on il with ankle injury,Ochai Agbaji
1337,placed on il with sprained right foot,Ogugua Anunoby / O.G. Anunoby
1338,placed on il with thumb injury,Ogugua Anunoby / O.G. Anunoby
1339,placed on il with thumb injury,Ogugua Anunoby / O.G. Anunoby
1340,wrist injury (dtd),Olivier-Maxence Prosper
1341,surgery on wrist to repair ligament damage (out for season) (date approximate),Olivier-Maxence Prosper
1342,left bog toe injury (dtd),Onyeka Okongwu
1343,placed on il with left big toe injury,Onyeka Okongwu
1344,placed on il with left knee inflammation,Onyeka Okongwu
1345,placed on il with knee injury (out for season),Onyeka Okongwu
1346,knee injury (dtd),Orlando Robinson
1347,placed on il with illness,Osasere Ighodaro / Oso Ighodaro
1348,illness (dtd),Oscar Tshiebwe
1349,placed on il with illness,Oscar Tshiebwe
1350,placed on il with fractured right ring finger,Ousmane Dieng
1351,placed on il with strained soleus muscle in right calf,Ousmane Dieng
1352,wrist injury (dtd),Ousmane Dieng
1353,calf injury (dtd),Ousmane Dieng
1354,placed on il with calf injury,Ousmane Dieng
1355,player not with team (out indefinitely),P.J. Tucker
1356,placed on il with sprained right knee,P.J. Washington
1357,placed on il with illness,P.J. Washington
1358,placed on il with knee injury,P.J. Washington
1359,placed on il for personal reasons,P.J. Washington
1360,placed on il with sprained right ankle,P.J. Washington
1361,ankle injury (dtd),P.J. Washington
1362,placed on il with ankle injury,P.J. Washington
1363,placed on il with ankle injury,P.J. Washington
1364,illness (dtd),P.J. Washington
1365,ankle injury (out for season),P.J. Washington
1366,sprained right big toe (dtd),Pacome Dadiet
1367,placed on il with torn right oblique muscle,Paolo Banchero
1368,placed on il with ankle injury,Paolo Banchero
1369,placed on il for personal reasons,Pascal Siakam
1370,placed on il with right elbow injury,Pascal Siakam
1371,placed on il with elbow injury,Pascal Siakam
1372,placed on il with calf injury,Pat Connaughton
1373,placed on il with strained right calf,Pat Connaughton
1374,placed on il with ankle injury,Pat Connaughton
1375,placed on il with sore right ankle,Patrick Baldwin Jr.
1376,placed on il with right calf injury,Patrick Baldwin Jr.
1377,placed on il with illness,Patrick Mills / Patty Mills
1378,placed on il with foot injury,Patrick Williams
1379,placed on il with right knee injury,Patrick Williams
1380,knee injury (out indefinitely),Paul George
1381,placed on il with knee injury,Paul George
1382,placed on il with bruised left knee,Paul George
1383,tightness in left groin (dtd),Paul George
1384,sore right ankle (dtd),Paul George
1385,tightness in left groin (dtd),Paul George
1386,placed on il with extensor tendon injury in left finger,Paul George
1387,sore left groin (dtd),Paul George
1388,placed on il with adductor injury / groin injury (out for season),Paul George
1389,arthroscopic surgery on left knee (out indefinitely),Paul George
1390,illness (dtd),Payton Pritchard
1391,placed on il with hip injury,Payton Pritchard
1392,sprained right ankle (dtd),Pelle Larsson
1393,ankle injury (dtd),Pelle Larsson
1394,placed on il with ankle injury,Pete Nance
1395,placed on il with sprained right knee,Peyton Watson
1396,knee injury (dtd),Peyton Watson
1397,strained left hamstring (out indefinitely),Precious Achiuwa
1398,placed on il with strained left hamstring (date approximate),Precious Achiuwa
1399,hamstring injury (dtd),Precious Achiuwa
1400,placed on il with illness,Quentin Grimes
1401,placed on il with back spasms,Quentin Grimes
1402,placed on il with illness,Quentin Grimes
1403,shoulder injury (dtd),Quentin Grimes
1404,sprained right ankle (dtd),Quincy Olivari
1405,placed on il with illness,Quinten Post
1406,placed on il with shoulder injury,R.J. Barrett
1407,illness (dtd),R.J. Barrett
1408,placed on il with illness,R.J. Barrett
1409,placed on il with concussion protocol,R.J. Barrett
1410,placed on il for personal reasons,R.J. Barrett
1411,placed on il with illness,R.J. Barrett
1412,calf injury (dtd),Reece Beekman
1413,fractured right thumb (out indefinitely),Reed Sheppard
1414,placed on il with sore right knee,Reggie Jackson (Shon)
1415,placed on il with illness,Richaun Holmes
1416,illness (dtd),Richaun Holmes
1417,knee injury (dtd),Richaun Holmes
1418,placed on il with knee injury,Richaun Holmes
1419,placed on il with shoulder injury (out for season),Richaun Holmes
1420,placed on il with sprained right ankle,Rob Dillingham
1421,placed on il with sprained right ankle,Rob Dillingham
1422,placed on il with ankle injury,Rob Dillingham
1423,strained left hamstring (dtd),Robert Williams III
1424,placed on il with concussion protocol,Robert Williams III
1425,sprained left ankle (dtd),Robert Williams III
1426,placed on il with sprained left ankle,Robert Williams III
1427,placed on il with illness,Robert Williams III
1428,placed on il with sore left ankle,Robert Williams III
1429,sore right hand (dtd),Robert Williams III
1430,hand injury (dtd),Robert Williams III
1431,right knee injury (dtd),Robert Williams III
1432,knee injury (dtd),Robert Williams III
1433,placed on il with knee injury,Robert Williams III
1434,left knee injury (dtd),Robert Williams III
1435,arthroscopic surgery on left knee (out indefinitely),Robert Williams III
1436,placed on il with sprained left ankle,Royce O'Neale
1437,placed on il with illness,Royce O'Neale
1438,placed on il with back injury,Rudy Gobert
1439,illness (dtd),Rui Hachimura
1440,placed on il with ankle injury,Rui Hachimura
1441,placed on il with calf injury,Rui Hachimura
1442,placed on il with strained left knee,Rui Hachimura
1443,placed on il with knee injury,Rui Hachimura
1444,placed on il with knee injury,Rui Hachimura
1445,placed on il with knee injury,Rui Hachimura
1446,placed on il with knee injury,Rui Hachimura
1447,placed on il with strained left hamstring,Russell Westbrook
1448,placed on il with foot injury,Russell Westbrook
1449,placed on il with ankle injury,Ryan Dunn
1450,placed on il with sore left ankle,Ryan Dunn
1451,placed on il with sprained left ankle,Ryan Dunn
1452,left shoulder injury (dtd),Ryan Rollins
1453,placed on il with dislocated left shoulder,Ryan Rollins
1454,illness (dtd),Ryan Rollins
1455,personal reasons (dtd),Ryan Rollins
1456,shoulder injury (dtd),Ryan Rollins
1457,knee injury (dtd),Saddiq Bey
1458,placed on il with back injury,Sam Hauser
1459,placed on il for personal reasons,Sam Hauser
1460,placed on il with right adductor injury,Sam Hauser
1461,lower back spasms (dtd),Sam Hauser
1462,placed on il with right hip impingement,Sam Hauser
1463,ankle injury (dtd),Sam Hauser
1464,back injury (dtd),Sam Hauser
1465,ankle injury (dtd),Sam Hauser
1466,placed on il with ankle injury,Sam Hauser
1467,placed on il with ankle injury,Sam Merrill
1468,ankle injury (dtd),Sam Merrill
1469,placed on il with sprained right ankle,Sam Merrill
1470,placed on il with illness,Sam Merrill
1471,personal reasons (dtd),Sam Merrill
1472,neck injury (out for season),Sam Merrill
1473,placed on il with sprained left ankle,Santi Aldama
1474,placed on il with illness,Santi Aldama
1475,placed on il with calf injury,Santi Aldama
1476,placed on il with calf injury,Santi Aldama
1477,ankle injury (dtd),Santi Aldama
1478,eye injury (dtd),Scottie Barnes
1479,placed on il with fractured orbital bone,Scottie Barnes
1480,placed on il with sprained right ankle,Scottie Barnes
1481,hip injury (dtd),Scottie Barnes
1482,hand injury (dtd),Scottie Barnes
1483,placed on il with hand injury,Scottie Barnes
1484,placed on il with wrist injury,Scotty Pippen Jr.
1485,back injury (dtd),Scotty Pippen Jr.
1486,placed on il with sore left knee,Seth Curry
1487,sore right knee (dtd),Seth Curry
1488,placed on il with ankle injury,Seth Curry
1489,placed on il with back injury,Seth Curry
1490,placed on il with sore right knee,Seth Curry
1491,sprained ankle (dtd),Seth Lundy
1492,torn labrum in left shoulder (out indefinitely),Shaedon Sharpe
1493,knee injury (dtd),Shaedon Sharpe
1494,sore right wrist (dtd),Shai Gilgeous-Alexander
1495,placed on il with shin injury,Shai Gilgeous-Alexander
1496,placed on il with concussion,Sidy Cissoko
1497,placed on il with ankle injury,Sidy Cissoko
1498,placed on il with sprained left toe,Simone Fontecchio
1499,placed on il for personal reasons,Simone Fontecchio
1500,dislocated right finger (dtd),Simone Fontecchio
1501,placed on il with dislocated right finger,Simone Fontecchio
1502,placed on il with sore right knee,Spencer Dinwiddie
1503,placed on il with strained right adductor,Spencer Jones
1504,placed on il with left ankle injury,Stephen Curry
1505,placed on il with knee injury,Stephen Curry
1506,placed on il with knee injury,Stephen Curry
1507,placed on il with knee injury,Stephen Curry
1508,placed on il with knee injury,Stephen Curry
1509,placed on il with knee injury,Stephen Curry
1510,knee injury (dtd),Stephen Curry
1511,placed on il with bruised pelvis,Stephen Curry
1512,strained left hamstring (out indefinitely),Stephen Curry
1513,placed on il with bruised left shoulder,Stephon Castle
1514,quadriceps injury / back injury (dtd),Sterling Henderson / Scoot Henderson
1515,placed on il with quadriceps injury / back injury,Sterling Henderson / Scoot Henderson
1516,bruised left quadriceps (dtd),Sterling Henderson / Scoot Henderson
1517,sprained right ankle (dtd),Sterling Henderson / Scoot Henderson
1518,concussion protocol (dtd),Sterling Henderson / Scoot Henderson
1519,placed on il with various injuries,Steven Adams
1520,placed on il with right knee injury,Steven Adams
1521,placed on il with right knee injury,Steven Adams
1522,placed on il with right knee injury,Steven Adams
1523,placed on il with right knee injury,Steven Adams
1524,placed on il with right knee injury,Steven Adams
1525,migraine headache (dtd),Steven Adams
1526,ankle injury (dtd),Steven Adams
1527,placed on il with sore left ankle,Steven Adams
1528,sore left ankle (dtd),Steven Adams
1529,placed on il with sore left ankle,Steven Adams
1530,wrist injury (dtd),Steven Adams
1531,placed on il with strained left groin,Sviatoslav Mykhailiuk / Svi Mykhailiuk
1532,placed on il with foot injury,Sviatoslav Mykhailiuk / Svi Mykhailiuk
1533,placed on il with illness,T.J. McConnell
1534,placed on il with ankle injury,T.J. McConnell
1535,placed on il with illness,Taj Gibson
1536,placed on il with illness,Taj Gibson
1537,placed on il with knee injury,Talen Horton-Tucker
1538,leg injury (dtd),Talen Horton-Tucker
1539,placed on il with leg injury,Talen Horton-Tucker
1540,placed on il with concussion protocol,Tari Eason
1541,placed on il with lower leg injury,Tari Eason
1542,placed on il with sprained left ankle,Taurean Prince
1543,placed on il with knee injury,Taurean Prince
1544,placed on il with right leg injury (out for season),Taylor Hendricks
1545,surgery on left middle finger (out indefinitely),Terance Mann
1546,placed on il with sprained right foot,Terrence Shannon Jr.
1547,placed on il with groin injury,Terrence Shannon Jr.
1548,right foot injury (dtd),Terry Rozier
1549,left knee inflammation (dtd),Terry Rozier
1550,illness (dtd),Terry Rozier
1551,illness (dtd),Terry Rozier
1552,ankle injury (dtd),Terry Rozier
1553,placed on il with sprained right ankle,Tidjane Salaun
1554,placed on il with illness,Tidjane Salaun
1555,placed on il with sprained right ankle,Tidjane Salaun
1556,placed on il with ankle injury,Tidjane Salaun
1557,placed on il with laceration on head,Tim Hardaway Jr.
1558,tightness in lower back (dtd),Tim Hardaway Jr.
1559,sprained right ankle (dtd),Tim Hardaway Jr.
1560,placed on il with left hip impingement,Tobias Harris
1561,placed on il with sprained right thumb,Tobias Harris
1562,personal reasons (dtd),Tobias Harris
1563,placed on il for personal reasons,Tobias Harris
1564,bruised left calf (dtd),Tobias Harris
1565,right achilles injury (dtd),Tobias Harris
1566,placed on il with achilles / heel injury,Tobias Harris
1567,placed on il with illness,Tony Bradley
1568,placed on il with illness,Torrey Craig
1569,placed on il with allergic reaction,Torrey Craig
1570,placed on il with left achilles injury,Torrey Craig
1571,bruised right lower leg (out indefinitely),Torrey Craig
1572,placed on il with right ankle injury,Torrey Craig
1573,sprained left foot (dtd),Toumani Camara
1574,illness (dtd),Toumani Camara
1575,calf injury (dtd),Toumani Camara
1576,ankle injury (dtd),Toumani Camara
1577,placed on il with right achilles tendinitis,Trae Young
1578,placed on il with bruised right heel,Trae Young
1579,placed on il with bruised right rib,Trae Young
1580,placed on il with hamstring injury,Trae Young
1581,quadriceps injury (dtd),Trae Young
1582,placed on il with achilles injury (out for season),Trae Young
1583,sore right knee (dtd),Trayce Jackson-Davis
1584,illness (dtd),Trayce Jackson-Davis
1585,placed on il with sprained right ankle,Tre Jones
1586,placed on il with sprained left shoulder,Tre Jones
1587,sprained left foot (dtd),Tre Jones
1588,placed on il with sore lower back,Tre Mann
1589,placed on il with sore lower back,Tre Mann
1590,sore lower back (dtd),Tre Mann
1591,placed on il with sore lower back (out for season),Tre Mann
1592,strained left hamstring (dtd),Trendon Watford
1593,placed on il with strained left hamstring,Trendon Watford
1594,placed on il with sore left hamstring,Trendon Watford
1595,placed on il with hamstring injury,Trendon Watford
1596,placed on il with left hamstring injury,Trendon Watford
1597,hamstring injury (dtd),Trendon Watford
1598,ankle injury (dtd),Trendon Watford
1599,surgery on left wrist (out indefinitely),Trentyn Flowers
1600,placed on il with illness,Trevelin Queen
1601,placed on il with ankle injury,Trevelin Queen
1602,placed on il with illness,Trey Jemison III
1603,placed on il with strained right calf,Trey Lyles
1604,placed on il with back injury,Trey Lyles
1605,placed on il with strained right hamstring,Trey Murphy III
1606,right hamstring injury (dtd),Trey Murphy III
1607,hamstring injury (dtd),Trey Murphy III
1608,bruised left knee (dtd),Trey Murphy III
1609,placed on il with sprained left ankle,Trey Murphy III
1610,torn labrum in right shoulder (out for season),Trey Murphy III
1611,placed on il with torn labrum in right shoulder (out for season),Trey Murphy III
1612,placed on il with bruised left knee,Tristan Vukcevic
1613,placed on il with sprained right ankle,Tristan Vukcevic
1614,placed on il with knee injury,Tristan Vukcevic
1615,placed on il with illness,Tristan da Silva
1616,placed on il with illness,Ty Jerome
1617,placed on il with illness,Ty Jerome
1618,placed on il with calf injury,Ty Jerome
1619,placed on il with knee injury,Ty Jerome
1620,placed on il with knee injury,Ty Jerome
1621,placed on il with illness,TyTy Washington Jr.
1622,sore right groin (dtd),Tyler Herro
1623,illness (dtd),Tyler Herro
1624,illness (dtd),Tyler Herro
1625,thigh injury (dtd),Tyler Herro
1626,illness (dtd),Tyler Kolek
1627,sprained ankle (dtd),Tyler Kolek
1628,placed on il with illness,Tyler Smith
1629,illness (dtd),Tyler Smith
1630,placed on il with back injury,Tyler Smith
1631,placed on il with ankle injury,Tyler Smith
1632,ankle injury (dtd),Tyler Smith
1633,strained left groin (dtd),Tyrese Haliburton
1634,hip injury (dtd),Tyrese Haliburton
1635,placed on il with hip injury,Tyrese Haliburton
1636,placed on il with back injury,Tyrese Haliburton
1637,placed on il with back injury,Tyrese Haliburton
1638,surgery to repair torn right achilles tendon (out for season),Tyrese Haliburton
1639,placed on il with strained right hamstring,Tyrese Maxey
1640,sprained left hand (dtd),Tyrese Maxey
1641,bruised right knee (dtd),Tyrese Maxey
1642,back injury (dtd),Tyrese Maxey
1643,finger injury (out for season),Tyrese Maxey
1644,placed on il with illness,Tyus Jones
1645,torn mcl in right knee (out for season),Ulrich Chomche
1646,placed on il with sprained left ankle,Vasilije Micic / Vasa Micic
1647,placed on il with illness,Vasilije Micic / Vasa Micic
1648,placed on il with bruised right knee,Victor Wembanyama
1649,placed on il with sore lower back,Victor Wembanyama
1650,placed on il with illness,Victor Wembanyama
1651,right shoulder injury (out for season),Victor Wembanyama
1652,fractured tibia (out indefinitely),Vince Williams Jr.
1653,placed on il with fractured tibia,Vince Williams Jr.
1654,placed on il with sprained right ankle,Vince Williams Jr.
1655,placed on il with knee injury,Vince Williams Jr.
1656,placed on il with sore left knee,Vince Williams Jr.
1657,placed on il with knee injury,Vince Williams Jr.
1658,placed on il with foot injury,Vince Williams Jr.
1659,placed on il with ankle injury,Vince Williams Jr.
1660,placed on il with illness,Vince Williams Jr.
1661,right adductor injury (out indefinitely),Vit Krejci
1662,placed on il with right adductor injury,Vit Krejci
1663,placed on il with strained right adductor,Vit Krejci
1664,placed on il with fractured back,Vit Krejci
1665,placed on il with sprained right ankle,Vlatko Cancar
1666,placed on il with sprained left knee,Vlatko Cancar
1667,surgery on left knee (out indefinitely),Vlatko Cancar
1668,placed on il with sore right hip,Walker Kessler
1669,placed on il with bruised left shoulder,Walker Kessler
1670,placed on il with shoulder injury,Walker Kessler
1671,sprained thumb (dtd),Walker Kessler
1672,placed on il with illness,Walker Kessler
1673,placed on il with illness,Walker Kessler
1674,right knee tendinitis (dtd),Wendell Carter Jr.
1675,placed on il with plantar fasciitis in left foot,Wendell Carter Jr.
1676,hip injury (dtd),Wendell Carter Jr.
1677,personal reasons (dtd),Wendell Moore Jr.
1678,placed on il with concussion protocol,Wendell Moore Jr.
1679,illness (dtd),Xavier Tillman
1680,left knee inflammation (dtd),Xavier Tillman
1681,placed on il with left knee inflammation,Xavier Tillman
1682,placed on il with knee injury,Xavier Tillman
1683,placed on il with sore left shoulder,Yuki Kawamura
1684,placed on il with hamstring injury,Yuki Kawamura
1685,shoulder injury (dtd),Yves Missi
1686,placed on il with illness,Yves Missi
1687,ankle injury (dtd),Yves Missi
1688,placed on il with hip injury,Yves Missi
1689,ankle injury (dtd),Yves Missi
1690,left adductor injury (out indefinitely),Zaccharie Risacher
1691,placed on il with left adductor injury,Zaccharie Risacher
1692,placed on il with adductor injury,Zaccharie Risacher
1693,placed on il with bruised lower back,Zach Collins
1694,placed on il with sprained left ankle,Zach Edey
1695,placed on il with concussion protocol,Zach Edey
1696,ankle injury (dtd),Zach Edey
1697,ankle injury (dtd),Zach Edey
1698,placed on il with strained right adductor,Zach LaVine
1699,placed on il with lower back spasms,Zach LaVine
1700,placed on il with sore left toe,Zach LaVine
1701,placed on il for personal reasons,Zach LaVine
1702,placed on il for personal reasons,Zach LaVine
1703,placed on il with sprained left knee,Ziaire Williams
1704,sprained left ankle (dtd),Ziaire Williams
1705,placed on il with sprained left ankle,Ziaire Williams
1706,achilles injury (dtd),Ziaire Williams
1707,hamstring injury (dtd),Ziaire Williams
1708,knee injury (dtd),Ziaire Williams
1709,placed on il with illness,Zion Williamson
1710,placed on il with tightness in right hamstring,Zion Williamson
1711,strained left hamstring (dtd),Zion Williamson
1712,placed on il with strained left hamstring,Zion Williamson
1713,hamstring injury (dtd),Zion Williamson
1714,placed on il with illness,Zion Williamson
1715,placed on il with illness,Zion Williamson
1716,placed on il for personal reasons,Zion Williamson
1717,bruised lower back (out for season),Zion Williamson
1718,placed on il with right knee injury (out for season),Zyon Pullin
1719,surgery on right knee (out for season),Zyon Pullin
